Unnamed: 0,userId,songId,like
0,2,0,0
1,2,1,0
2,2,2,0
3,2,3,0
4,2,4,0
5,2,5,0
6,2,6,0
7,2,7,0
8,2,8,0
9,2,9,0
10,2,10,0
11,2,11,0
12,2,12,0
13,2,13,0
14,2,14,0
15,2,15,0
16,2,16,0
17,2,17,0
18,2,18,0
19,2,19,0
20,2,20,0
21,2,21,0
22,2,22,0
23,2,23,0
24,2,24,0
25,2,25,0
26,2,26,0
27,2,27,0
28,2,28,0
29,2,29,0
30,2,30,0
31,2,31,0
32,2,32,0
33,2,33,0
34,2,34,0
35,2,35,0
36,2,36,0
37,2,37,0
38,2,38,0
39,2,39,0
40,2,40,0
41,2,41,0
42,2,42,0
43,2,43,0
44,2,44,0
45,2,45,0
46,2,46,0
47,2,47,0
48,2,48,0
49,2,49,0
50,2,50,0
51,2,51,0
52,2,52,0
53,2,53,0
54,2,54,0
55,2,55,0
56,2,56,0
57,2,57,0
58,2,58,0
59,2,59,0
60,2,60,0
61,2,61,0
62,2,62,0
63,2,63,0
64,2,64,0
65,2,65,0
66,2,66,0
67,2,67,0
68,2,68,0
69,2,69,0
70,2,70,0
71,2,71,0
72,2,72,0
73,2,73,0
74,2,74,0
75,2,75,0
76,2,76,0
77,2,77,0
78,2,78,0
79,2,79,0
80,2,80,0
81,2,81,0
82,2,82,0
83,2,83,0
84,2,84,0
85,2,85,0
86,2,86,0
87,2,87,0
88,2,88,0
89,2,89,0
90,2,90,0
91,2,91,0
92,2,92,0
93,2,93,0
94,2,94,0
95,2,95,0
96,2,96,0
97,2,97,0
98,2,98,0
99,2,99,0
100,2,100,0
101,2,101,0
102,2,102,0
103,2,103,0
104,2,104,0
105,2,105,0
106,2,106,0
107,2,107,0
108,2,108,0
109,2,109,0
110,2,110,0
111,2,111,0
112,2,112,0
113,2,113,0
114,2,114,0
115,2,115,0
116,2,116,0
117,2,117,0
118,2,118,0
119,2,119,0
120,2,120,0
121,2,121,0
122,2,122,0
123,2,123,0
124,2,124,0
125,2,125,0
126,2,126,0
127,2,127,0
128,2,128,0
129,2,129,0
130,2,130,0
131,2,131,0
132,2,132,0
133,2,133,0
134,2,134,0
135,2,135,0
136,2,136,0
137,2,137,0
138,2,138,0
139,2,139,0
140,2,140,0
141,2,141,0
142,2,142,0
143,2,143,0
144,2,144,0
145,2,145,0
146,2,146,0
147,2,147,0
148,2,148,0
149,2,149,0
150,2,150,0
151,2,151,0
152,2,152,0
153,2,153,0
154,2,154,0
155,2,155,0
156,2,156,0
157,2,157,0
158,2,158,0
159,2,159,0
160,2,160,0
161,2,161,0
162,2,162,0
163,2,163,0
164,2,164,0
165,2,165,0
166,2,166,0
167,2,167,0
168,2,168,0
169,2,169,0
170,2,170,0
171,2,171,0
172,2,172,0
173,2,173,0
174,2,174,0
175,2,175,0
176,2,176,0
177,2,177,0
178,2,178,0
179,2,179,0
180,2,180,0
181,2,181,0
182,2,182,0
183,2,183,0
184,2,184,0
185,2,185,0
186,2,186,0
187,2,187,0
188,2,188,0
189,2,189,0
190,2,190,0
191,2,191,0
192,2,192,0
193,2,193,0
194,2,194,0
195,2,195,0
196,2,196,0
197,2,197,0
198,2,198,0
199,2,199,0
200,2,200,0
201,2,201,0
202,2,202,0
203,2,203,0
204,2,204,0
205,2,205,0
206,2,206,0
207,2,207,0
208,2,208,0
209,2,209,0
210,2,210,0
211,2,211,0
212,2,212,0
213,2,213,0
214,2,214,0
215,2,215,0
216,2,216,0
217,2,217,0
218,2,218,0
219,2,219,0
220,2,220,0
221,2,221,0
222,2,222,0
223,2,223,0
224,2,224,0
225,2,225,0
226,2,226,0
227,2,227,0
228,2,228,0
229,2,229,0
230,2,230,0
231,2,231,0
232,2,232,0
233,2,233,0
234,2,234,0
235,2,235,0
236,2,236,0
237,2,237,0
238,2,238,0
239,2,239,0
240,2,240,0
241,2,241,0
242,2,242,0
243,2,243,0
244,2,244,0
245,2,245,0
246,2,246,0
247,2,247,0
248,2,248,0
249,2,249,0
250,2,250,0
251,2,251,0
252,2,252,0
253,2,253,0
254,2,254,0
255,2,255,0
256,2,256,0
257,2,257,0
258,2,258,0
259,2,259,0
260,2,260,0
261,2,261,0
262,2,262,0
263,2,263,0
264,2,264,0
265,2,265,0
266,2,266,0
267,2,267,0
268,2,268,0
269,2,269,0
270,2,270,0
271,2,271,0
272,2,272,0
273,2,273,0
274,2,274,0
275,2,275,0
276,2,276,0
277,2,277,0
278,2,278,0
279,2,279,0
280,2,280,0
281,2,281,0
282,2,282,0
283,2,283,0
284,2,284,0
285,2,285,0
286,2,286,0
287,2,287,0
288,2,288,0
289,2,289,0
290,2,290,0
291,2,291,0
292,2,292,0
293,2,293,0
294,2,294,0
295,2,295,0
296,2,296,0
297,2,297,0
298,2,298,0
299,2,299,0
300,2,300,0
301,2,301,0
302,2,302,0
303,2,303,0
304,2,304,0
305,2,305,0
306,2,306,0
307,2,307,0
308,2,308,0
309,2,309,0
310,2,310,0
311,2,311,0
312,2,312,0
313,2,313,0
314,2,314,0
315,2,315,0
316,2,316,0
317,2,317,0
318,2,318,0
319,2,319,0
320,2,320,0
321,2,321,0
322,2,322,0
323,2,323,0
324,2,324,0
325,2,325,0
326,2,326,0
327,2,327,0
328,2,328,0
329,2,329,0
330,2,330,0
331,2,331,0
332,2,332,0
333,2,333,0
334,2,334,0
335,2,335,0
336,2,336,0
337,2,337,0
338,2,338,0
339,2,339,0
340,2,340,0
341,2,341,0
342,2,342,0
343,2,343,0
344,2,344,0
345,2,345,0
346,2,346,0
347,2,347,0
348,2,348,0
349,2,349,0
350,2,350,0
351,2,351,0
352,2,352,0
353,2,353,0
354,2,354,0
355,2,355,0
356,2,356,0
357,2,357,0
358,2,358,0
359,2,359,0
360,2,360,0
361,2,361,0
362,2,362,0
363,2,363,0
364,2,364,0
365,2,365,0
366,2,366,0
367,2,367,0
368,2,368,0
369,2,369,0
370,2,370,0
371,2,371,0
372,2,372,0
373,2,373,0
374,2,374,0
375,2,375,0
376,2,376,0
377,2,377,0
378,2,378,0
379,2,379,0
380,2,380,0
381,2,381,0
382,2,382,0
383,2,383,0
384,2,384,0
385,2,385,0
386,2,386,0
387,2,387,0
388,2,388,0
389,2,389,0
390,2,390,0
391,2,391,0
392,2,392,0
393,2,393,0
394,2,394,0
395,2,395,0
396,2,396,0
397,2,397,0
398,2,398,0
399,2,399,0
400,2,400,0
401,2,401,0
402,2,402,0
403,2,403,0
404,2,404,0
405,2,405,0
406,2,406,0
407,2,407,0
408,2,408,0
409,2,409,0
410,2,410,0
411,2,411,0
412,2,412,0
413,2,413,0
414,2,414,0
415,2,415,0
416,2,416,0
417,2,417,0
418,2,418,0
419,2,419,0
420,2,420,0
421,2,421,0
422,2,422,0
423,2,423,0
424,2,424,0
425,2,425,0
426,2,426,0
427,2,427,0
428,2,428,0
429,2,429,0
430,2,430,0
431,2,431,0
432,2,432,0
433,2,433,0
434,2,434,0
435,2,435,0
436,2,436,0
437,2,437,0
438,2,438,0
439,2,439,0
440,2,440,0
441,2,441,0
442,2,442,0
443,2,443,0
444,2,444,0
445,2,445,0
446,2,446,0
447,2,447,0
448,2,448,0
449,2,449,0
450,2,450,0
451,2,451,0
452,2,452,0
453,2,453,0
454,2,454,0
455,2,455,0
456,2,456,0
457,2,457,0
458,2,458,0
459,2,459,0
460,2,460,0
461,2,461,0
462,2,462,0
463,2,463,0
464,2,464,0
465,2,465,0
466,2,466,0
467,2,467,0
468,2,468,0
469,2,469,0
470,2,470,0
471,2,471,0
472,2,472,0
473,2,473,0
474,2,474,0
475,2,475,0
476,2,476,0
477,2,477,0
478,2,478,0
479,2,479,0
480,2,480,0
481,2,481,0
482,2,482,0
483,2,483,0
484,2,484,0
485,2,485,0
486,2,486,0
487,2,487,0
488,2,488,0
489,2,489,0
490,2,490,0
491,2,491,0
492,2,492,0
493,2,493,0
494,2,494,0
495,2,495,0
496,2,496,0
497,2,497,0
498,2,498,0
499,2,499,0
500,2,500,0
501,2,501,0
502,2,502,0
503,2,503,0
504,2,504,0
505,2,505,0
506,2,506,0
507,2,507,0
508,2,508,0
509,2,509,0
510,2,510,0
511,2,511,0
512,2,512,0
513,2,513,0
514,2,514,0
515,2,515,0
516,2,516,0
517,2,517,0
518,2,518,0
519,2,519,0
520,2,520,0
521,2,521,0
522,2,522,0
523,2,523,0
524,2,524,0
525,2,525,0
526,2,526,0
527,2,527,0
528,2,528,0
529,2,529,0
530,2,530,0
531,2,531,0
532,2,532,0
533,2,533,0
534,2,534,0
535,2,535,0
536,2,536,0
537,2,537,0
538,2,538,0
539,2,539,0
540,2,540,0
541,2,541,0
542,2,542,0
543,2,543,0
544,2,544,0
545,2,545,0
546,2,546,0
547,2,547,0
548,2,548,0
549,2,549,0
550,2,550,0
551,2,551,0
552,2,552,0
553,2,553,0
554,2,554,0
555,2,555,0
556,2,556,0
557,2,557,0
558,2,558,0
559,2,559,0
560,2,560,0
561,2,561,0
562,2,562,0
563,2,563,0
564,2,564,0
565,2,565,0
566,2,566,0
567,2,567,0
568,2,568,0
569,2,569,0
570,2,570,0
571,2,571,0
572,2,572,0
573,2,573,0
574,2,574,0
575,2,575,0
576,2,576,0
577,2,577,0
578,2,578,0
579,2,579,0
580,2,580,0
581,2,581,0
582,2,582,0
583,2,583,0
584,2,584,0
585,2,585,0
586,2,586,0
587,2,587,0
588,2,588,0
589,2,589,0
590,2,590,0
591,2,591,0
592,2,592,0
593,2,593,0
594,2,594,0
595,2,595,0
596,2,596,0
597,2,597,0
598,2,598,0
599,2,599,0
600,2,600,0
601,3,0,0
602,3,1,0
603,3,2,0
604,3,3,0
605,3,4,0
606,3,5,0
607,3,6,0
608,3,7,0
609,3,8,0
610,3,9,0
611,3,10,0
612,3,11,0
613,3,12,0
614,3,13,0
615,3,14,0
616,3,15,0
617,3,16,0
618,3,17,0
619,3,18,0
620,3,19,0
621,3,20,0
622,3,21,0
623,3,22,0
624,3,23,0
625,3,24,0
626,3,25,0
627,3,26,0
628,3,27,0
629,3,28,0
630,3,29,0
631,3,30,0
632,3,31,0
633,3,32,0
634,3,33,0
635,3,34,0
636,3,35,0
637,3,36,0
638,3,37,0
639,3,38,0
640,3,39,0
641,3,40,0
642,3,41,0
643,3,42,0
644,3,43,0
645,3,44,0
646,3,45,0
647,3,46,0
648,3,47,0
649,3,48,0
650,3,49,0
651,3,50,0
652,3,51,0
653,3,52,0
654,3,53,0
655,3,54,0
656,3,55,0
657,3,56,0
658,3,57,0
659,3,58,0
660,3,59,0
661,3,60,0
662,3,61,0
663,3,62,0
664,3,63,0
665,3,64,0
666,3,65,0
667,3,66,0
668,3,67,0
669,3,68,0
670,3,69,0
671,3,70,0
672,3,71,0
673,3,72,0
674,3,73,0
675,3,74,0
676,3,75,0
677,3,76,0
678,3,77,0
679,3,78,0
680,3,79,0
681,3,80,0
682,3,81,0
683,3,82,0
684,3,83,0
685,3,84,0
686,3,85,0
687,3,86,0
688,3,87,0
689,3,88,0
690,3,89,0
691,3,90,0
692,3,91,0
693,3,92,0
694,3,93,0
695,3,94,0
696,3,95,0
697,3,96,0
698,3,97,0
699,3,98,0
700,3,99,0
701,3,100,0
702,3,101,0
703,3,102,0
704,3,103,0
705,3,104,0
706,3,105,0
707,3,106,0
708,3,107,0
709,3,108,0
710,3,109,0
711,3,110,0
712,3,111,0
713,3,112,0
714,3,113,0
715,3,114,0
716,3,115,0
717,3,116,0
718,3,117,0
719,3,118,0
720,3,119,0
721,3,120,0
722,3,121,0
723,3,122,0
724,3,123,0
725,3,124,0
726,3,125,0
727,3,126,0
728,3,127,0
729,3,128,0
730,3,129,0
731,3,130,0
732,3,131,0
733,3,132,0
734,3,133,0
735,3,134,0
736,3,135,0
737,3,136,0
738,3,137,0
739,3,138,0
740,3,139,0
741,3,140,0
742,3,141,0
743,3,142,0
744,3,143,0
745,3,144,0
746,3,145,0
747,3,146,0
748,3,147,0
749,3,148,0
750,3,149,0
751,3,150,0
752,3,151,0
753,3,152,0
754,3,153,0
755,3,154,0
756,3,155,0
757,3,156,0
758,3,157,0
759,3,158,0
760,3,159,0
761,3,160,0
762,3,161,0
763,3,162,0
764,3,163,0
765,3,164,0
766,3,165,0
767,3,166,0
768,3,167,0
769,3,168,0
770,3,169,0
771,3,170,0
772,3,171,0
773,3,172,0
774,3,173,0
775,3,174,0
776,3,175,0
777,3,176,0
778,3,177,0
779,3,178,0
780,3,179,0
781,3,180,0
782,3,181,0
783,3,182,0
784,3,183,0
785,3,184,0
786,3,185,0
787,3,186,0
788,3,187,0
789,3,188,0
790,3,189,0
791,3,190,0
792,3,191,0
793,3,192,0
794,3,193,0
795,3,194,0
796,3,195,0
797,3,196,0
798,3,197,0
799,3,198,0
800,3,199,0
801,3,200,0
802,3,201,0
803,3,202,0
804,3,203,0
805,3,204,0
806,3,205,0
807,3,206,0
808,3,207,0
809,3,208,0
810,3,209,0
811,3,210,0
812,3,211,0
813,3,212,0
814,3,213,0
815,3,214,0
816,3,215,0
817,3,216,0
818,3,217,0
819,3,218,0
820,3,219,0
821,3,220,0
822,3,221,0
823,3,222,0
824,3,223,0
825,3,224,0
826,3,225,0
827,3,226,0
828,3,227,0
829,3,228,0
830,3,229,0
831,3,230,0
832,3,231,0
833,3,232,0
834,3,233,0
835,3,234,0
836,3,235,0
837,3,236,0
838,3,237,0
839,3,238,0
840,3,239,0
841,3,240,0
842,3,241,0
843,3,242,0
844,3,243,0
845,3,244,0
846,3,245,0
847,3,246,0
848,3,247,0
849,3,248,0
850,3,249,0
851,3,250,0
852,3,251,0
853,3,252,0
854,3,253,0
855,3,254,0
856,3,255,0
857,3,256,0
858,3,257,0
859,3,258,0
860,3,259,0
861,3,260,0
862,3,261,0
863,3,262,0
864,3,263,0
865,3,264,0
866,3,265,0
867,3,266,0
868,3,267,0
869,3,268,0
870,3,269,0
871,3,270,0
872,3,271,0
873,3,272,0
874,3,273,0
875,3,274,0
876,3,275,0
877,3,276,0
878,3,277,0
879,3,278,0
880,3,279,0
881,3,280,0
882,3,281,0
883,3,282,0
884,3,283,0
885,3,284,0
886,3,285,0
887,3,286,0
888,3,287,0
889,3,288,0
890,3,289,0
891,3,290,0
892,3,291,0
893,3,292,0
894,3,293,0
895,3,294,0
896,3,295,0
897,3,296,0
898,3,297,0
899,3,298,0
900,3,299,0
901,3,300,0
902,3,301,0
903,3,302,0
904,3,303,0
905,3,304,0
906,3,305,0
907,3,306,0
908,3,307,0
909,3,308,0
910,3,309,0
911,3,310,0
912,3,311,0
913,3,312,0
914,3,313,0
915,3,314,0
916,3,315,0
917,3,316,0
918,3,317,0
919,3,318,0
920,3,319,0
921,3,320,0
922,3,321,0
923,3,322,0
924,3,323,0
925,3,324,0
926,3,325,0
927,3,326,0
928,3,327,0
929,3,328,0
930,3,329,0
931,3,330,0
932,3,331,0
933,3,332,0
934,3,333,0
935,3,334,0
936,3,335,0
937,3,336,0
938,3,337,0
939,3,338,0
940,3,339,0
941,3,340,0
942,3,341,0
943,3,342,0
944,3,343,0
945,3,344,0
946,3,345,0
947,3,346,0
948,3,347,0
949,3,348,0
950,3,349,0
951,3,350,0
952,3,351,0
953,3,352,0
954,3,353,0
955,3,354,0
956,3,355,0
957,3,356,0
958,3,357,0
959,3,358,0
960,3,359,0
961,3,360,0
962,3,361,0
963,3,362,0
964,3,363,0
965,3,364,0
966,3,365,0
967,3,366,0
968,3,367,0
969,3,368,0
970,3,369,0
971,3,370,0
972,3,371,0
973,3,372,0
974,3,373,0
975,3,374,0
976,3,375,0
977,3,376,0
978,3,377,0
979,3,378,0
980,3,379,0
981,3,380,0
982,3,381,0
983,3,382,0
984,3,383,0
985,3,384,0
986,3,385,0
987,3,386,0
988,3,387,0
989,3,388,0
990,3,389,0
991,3,390,0
992,3,391,0
993,3,392,0
994,3,393,0
995,3,394,0
996,3,395,0
997,3,396,0
998,3,397,0
999,3,398,0
1000,3,399,0
1001,3,400,0
1002,3,401,0
1003,3,402,0
1004,3,403,0
1005,3,404,0
1006,3,405,0
1007,3,406,0
1008,3,407,0
1009,3,408,0
1010,3,409,0
1011,3,410,0
1012,3,411,0
1013,3,412,0
1014,3,413,0
1015,3,414,0
1016,3,415,0
1017,3,416,0
1018,3,417,0
1019,3,418,0
1020,3,419,0
1021,3,420,0
1022,3,421,0
1023,3,422,0
1024,3,423,0
1025,3,424,0
1026,3,425,0
1027,3,426,0
1028,3,427,0
1029,3,428,0
1030,3,429,0
1031,3,430,0
1032,3,431,0
1033,3,432,0
1034,3,433,0
1035,3,434,0
1036,3,435,0
1037,3,436,0
1038,3,437,0
1039,3,438,0
1040,3,439,0
1041,3,440,0
1042,3,441,0
1043,3,442,0
1044,3,443,0
1045,3,444,0
1046,3,445,0
1047,3,446,0
1048,3,447,0
1049,3,448,0
1050,3,449,0
1051,3,450,0
1052,3,451,0
1053,3,452,0
1054,3,453,0
1055,3,454,0
1056,3,455,0
1057,3,456,0
1058,3,457,0
1059,3,458,0
1060,3,459,0
1061,3,460,0
1062,3,461,0
1063,3,462,0
1064,3,463,0
1065,3,464,0
1066,3,465,0
1067,3,466,0
1068,3,467,0
1069,3,468,0
1070,3,469,0
1071,3,470,0
1072,3,471,0
1073,3,472,0
1074,3,473,0
1075,3,474,0
1076,3,475,0
1077,3,476,0
1078,3,477,0
1079,3,478,0
1080,3,479,0
1081,3,480,0
1082,3,481,0
1083,3,482,0
1084,3,483,0
1085,3,484,0
1086,3,485,0
1087,3,486,0
1088,3,487,0
1089,3,488,0
1090,3,489,0
1091,3,490,0
1092,3,491,0
1093,3,492,0
1094,3,493,0
1095,3,494,0
1096,3,495,0
1097,3,496,0
1098,3,497,0
1099,3,498,0
1100,3,499,0
1101,3,500,0
1102,3,501,0
1103,3,502,0
1104,3,503,0
1105,3,504,0
1106,3,505,0
1107,3,506,0
1108,3,507,0
1109,3,508,0
1110,3,509,0
1111,3,510,0
1112,3,511,0
1113,3,512,0
1114,3,513,0
1115,3,514,0
1116,3,515,0
1117,3,516,0
1118,3,517,0
1119,3,518,0
1120,3,519,0
1121,3,520,0
1122,3,521,0
1123,3,522,0
1124,3,523,0
1125,3,524,0
1126,3,525,0
1127,3,526,0
1128,3,527,0
1129,3,528,0
1130,3,529,0
1131,3,530,0
1132,3,531,0
1133,3,532,0
1134,3,533,0
1135,3,534,0
1136,3,535,0
1137,3,536,0
1138,3,537,0
1139,3,538,0
1140,3,539,0
1141,3,540,0
1142,3,541,0
1143,3,542,0
1144,3,543,0
1145,3,544,0
1146,3,545,0
1147,3,546,0
1148,3,547,0
1149,3,548,0
1150,3,549,0
1151,3,550,0
1152,3,551,0
1153,3,552,0
1154,3,553,0
1155,3,554,0
1156,3,555,0
1157,3,556,0
1158,3,557,0
1159,3,558,0
1160,3,559,0
1161,3,560,0
1162,3,561,0
1163,3,562,0
1164,3,563,0
1165,3,564,0
1166,3,565,0
1167,3,566,0
1168,3,567,0
1169,3,568,0
1170,3,569,0
1171,3,570,0
1172,3,571,0
1173,3,572,0
1174,3,573,0
1175,3,574,0
1176,3,575,0
1177,3,576,0
1178,3,577,0
1179,3,578,0
1180,3,579,0
1181,3,580,0
1182,3,581,0
1183,3,582,0
1184,3,583,0
1185,3,584,0
1186,3,585,0
1187,3,586,0
1188,3,587,0
1189,3,588,0
1190,3,589,0
1191,3,590,0
1192,3,591,0
1193,3,592,0
1194,3,593,0
1195,3,594,0
1196,3,595,0
1197,3,596,0
1198,3,597,0
1199,3,598,0
1200,3,599,0
1201,3,600,0
1202,4,0,0
1203,4,1,0
1204,4,2,0
1205,4,3,0
1206,4,4,0
1207,4,5,0
1208,4,6,0
1209,4,7,0
1210,4,8,0
1211,4,9,0
1212,4,10,0
1213,4,11,0
1214,4,12,0
1215,4,13,0
1216,4,14,0
1217,4,15,0
1218,4,16,0
1219,4,17,0
1220,4,18,0
1221,4,19,0
1222,4,20,0
1223,4,21,0
1224,4,22,0
1225,4,23,0
1226,4,24,0
1227,4,25,0
1228,4,26,0
1229,4,27,0
1230,4,28,0
1231,4,29,0
1232,4,30,0
1233,4,31,0
1234,4,32,0
1235,4,33,0
1236,4,34,0
1237,4,35,0
1238,4,36,0
1239,4,37,0
1240,4,38,0
1241,4,39,0
1242,4,40,0
1243,4,41,0
1244,4,42,0
1245,4,43,0
1246,4,44,0
1247,4,45,0
1248,4,46,0
1249,4,47,0
1250,4,48,0
1251,4,49,0
1252,4,50,0
1253,4,51,0
1254,4,52,0
1255,4,53,0
1256,4,54,0
1257,4,55,0
1258,4,56,0
1259,4,57,0
1260,4,58,0
1261,4,59,0
1262,4,60,0
1263,4,61,0
1264,4,62,0
1265,4,63,0
1266,4,64,0
1267,4,65,0
1268,4,66,0
1269,4,67,0
1270,4,68,0
1271,4,69,0
1272,4,70,0
1273,4,71,0
1274,4,72,0
1275,4,73,0
1276,4,74,0
1277,4,75,0
1278,4,76,0
1279,4,77,0
1280,4,78,0
1281,4,79,0
1282,4,80,0
1283,4,81,0
1284,4,82,0
1285,4,83,0
1286,4,84,0
1287,4,85,0
1288,4,86,0
1289,4,87,0
1290,4,88,0
1291,4,89,0
1292,4,90,0
1293,4,91,0
1294,4,92,0
1295,4,93,0
1296,4,94,0
1297,4,95,0
1298,4,96,0
1299,4,97,0
1300,4,98,0
1301,4,99,0
1302,4,100,0
1303,4,101,0
1304,4,102,0
1305,4,103,0
1306,4,104,0
1307,4,105,0
1308,4,106,0
1309,4,107,0
1310,4,108,0
1311,4,109,0
1312,4,110,0
1313,4,111,0
1314,4,112,0
1315,4,113,0
1316,4,114,0
1317,4,115,0
1318,4,116,0
1319,4,117,0
1320,4,118,0
1321,4,119,0
1322,4,120,0
1323,4,121,0
1324,4,122,0
1325,4,123,0
1326,4,124,0
1327,4,125,0
1328,4,126,0
1329,4,127,0
1330,4,128,0
1331,4,129,0
1332,4,130,0
1333,4,131,0
1334,4,132,0
1335,4,133,0
1336,4,134,0
1337,4,135,0
1338,4,136,0
1339,4,137,0
1340,4,138,0
1341,4,139,0
1342,4,140,0
1343,4,141,0
1344,4,142,0
1345,4,143,0
1346,4,144,0
1347,4,145,0
1348,4,146,0
1349,4,147,0
1350,4,148,0
1351,4,149,0
1352,4,150,0
1353,4,151,0
1354,4,152,0
1355,4,153,0
1356,4,154,0
1357,4,155,0
1358,4,156,0
1359,4,157,0
1360,4,158,0
1361,4,159,0
1362,4,160,0
1363,4,161,0
1364,4,162,0
1365,4,163,0
1366,4,164,0
1367,4,165,0
1368,4,166,0
1369,4,167,0
1370,4,168,0
1371,4,169,0
1372,4,170,0
1373,4,171,0
1374,4,172,0
1375,4,173,0
1376,4,174,0
1377,4,175,0
1378,4,176,0
1379,4,177,0
1380,4,178,0
1381,4,179,0
1382,4,180,0
1383,4,181,0
1384,4,182,0
1385,4,183,0
1386,4,184,0
1387,4,185,0
1388,4,186,0
1389,4,187,0
1390,4,188,0
1391,4,189,0
1392,4,190,0
1393,4,191,0
1394,4,192,0
1395,4,193,0
1396,4,194,0
1397,4,195,0
1398,4,196,0
1399,4,197,0
1400,4,198,0
1401,4,199,0
1402,4,200,0
1403,4,201,0
1404,4,202,0
1405,4,203,0
1406,4,204,0
1407,4,205,0
1408,4,206,0
1409,4,207,0
1410,4,208,0
1411,4,209,0
1412,4,210,0
1413,4,211,0
1414,4,212,0
1415,4,213,0
1416,4,214,0
1417,4,215,0
1418,4,216,0
1419,4,217,0
1420,4,218,0
1421,4,219,0
1422,4,220,0
1423,4,221,0
1424,4,222,0
1425,4,223,0
1426,4,224,0
1427,4,225,0
1428,4,226,0
1429,4,227,0
1430,4,228,0
1431,4,229,0
1432,4,230,0
1433,4,231,0
1434,4,232,0
1435,4,233,0
1436,4,234,0
1437,4,235,0
1438,4,236,0
1439,4,237,0
1440,4,238,0
1441,4,239,0
1442,4,240,0
1443,4,241,0
1444,4,242,0
1445,4,243,0
1446,4,244,0
1447,4,245,0
1448,4,246,0
1449,4,247,0
1450,4,248,0
1451,4,249,0
1452,4,250,0
1453,4,251,0
1454,4,252,0
1455,4,253,0
1456,4,254,0
1457,4,255,0
1458,4,256,0
1459,4,257,0
1460,4,258,0
1461,4,259,0
1462,4,260,0
1463,4,261,0
1464,4,262,0
1465,4,263,0
1466,4,264,0
1467,4,265,0
1468,4,266,0
1469,4,267,0
1470,4,268,0
1471,4,269,0
1472,4,270,0
1473,4,271,0
1474,4,272,0
1475,4,273,0
1476,4,274,0
1477,4,275,0
1478,4,276,0
1479,4,277,0
1480,4,278,0
1481,4,279,0
1482,4,280,0
1483,4,281,0
1484,4,282,0
1485,4,283,0
1486,4,284,0
1487,4,285,0
1488,4,286,0
1489,4,287,0
1490,4,288,0
1491,4,289,0
1492,4,290,0
1493,4,291,0
1494,4,292,0
1495,4,293,0
1496,4,294,0
1497,4,295,0
1498,4,296,0
1499,4,297,0
1500,4,298,0
1501,4,299,0
1502,4,300,0
1503,4,301,0
1504,4,302,0
1505,4,303,0
1506,4,304,0
1507,4,305,0
1508,4,306,0
1509,4,307,0
1510,4,308,0
1511,4,309,0
1512,4,310,0
1513,4,311,0
1514,4,312,0
1515,4,313,0
1516,4,314,0
1517,4,315,0
1518,4,316,0
1519,4,317,0
1520,4,318,0
1521,4,319,0
1522,4,320,0
1523,4,321,0
1524,4,322,0
1525,4,323,0
1526,4,324,0
1527,4,325,0
1528,4,326,0
1529,4,327,0
1530,4,328,0
1531,4,329,0
1532,4,330,0
1533,4,331,0
1534,4,332,0
1535,4,333,0
1536,4,334,0
1537,4,335,0
1538,4,336,0
1539,4,337,0
1540,4,338,0
1541,4,339,0
1542,4,340,0
1543,4,341,0
1544,4,342,0
1545,4,343,0
1546,4,344,0
1547,4,345,0
1548,4,346,0
1549,4,347,0
1550,4,348,0
1551,4,349,0
1552,4,350,0
1553,4,351,0
1554,4,352,0
1555,4,353,0
1556,4,354,0
1557,4,355,0
1558,4,356,0
1559,4,357,0
1560,4,358,0
1561,4,359,0
1562,4,360,0
1563,4,361,0
1564,4,362,0
1565,4,363,0
1566,4,364,0
1567,4,365,0
1568,4,366,0
1569,4,367,0
1570,4,368,0
1571,4,369,0
1572,4,370,0
1573,4,371,0
1574,4,372,0
1575,4,373,0
1576,4,374,0
1577,4,375,0
1578,4,376,0
1579,4,377,0
1580,4,378,0
1581,4,379,0
1582,4,380,0
1583,4,381,0
1584,4,382,0
1585,4,383,0
1586,4,384,0
1587,4,385,0
1588,4,386,0
1589,4,387,0
1590,4,388,0
1591,4,389,0
1592,4,390,0
1593,4,391,0
1594,4,392,0
1595,4,393,0
1596,4,394,0
1597,4,395,0
1598,4,396,0
1599,4,397,0
1600,4,398,0
1601,4,399,0
1602,4,400,0
1603,4,401,0
1604,4,402,0
1605,4,403,0
1606,4,404,0
1607,4,405,0
1608,4,406,0
1609,4,407,0
1610,4,408,0
1611,4,409,0
1612,4,410,0
1613,4,411,0
1614,4,412,0
1615,4,413,0
1616,4,414,0
1617,4,415,0
1618,4,416,0
1619,4,417,0
1620,4,418,0
1621,4,419,0
1622,4,420,0
1623,4,421,0
1624,4,422,0
1625,4,423,0
1626,4,424,0
1627,4,425,0
1628,4,426,0
1629,4,427,0
1630,4,428,0
1631,4,429,0
1632,4,430,0
1633,4,431,0
1634,4,432,0
1635,4,433,0
1636,4,434,0
1637,4,435,0
1638,4,436,0
1639,4,437,0
1640,4,438,0
1641,4,439,0
1642,4,440,0
1643,4,441,0
1644,4,442,0
1645,4,443,0
1646,4,444,0
1647,4,445,0
1648,4,446,0
1649,4,447,0
1650,4,448,0
1651,4,449,0
1652,4,450,0
1653,4,451,0
1654,4,452,0
1655,4,453,0
1656,4,454,0
1657,4,455,0
1658,4,456,0
1659,4,457,0
1660,4,458,0
1661,4,459,0
1662,4,460,0
1663,4,461,0
1664,4,462,0
1665,4,463,0
1666,4,464,0
1667,4,465,0
1668,4,466,0
1669,4,467,0
1670,4,468,0
1671,4,469,0
1672,4,470,0
1673,4,471,0
1674,4,472,0
1675,4,473,0
1676,4,474,0
1677,4,475,0
1678,4,476,0
1679,4,477,0
1680,4,478,0
1681,4,479,0
1682,4,480,0
1683,4,481,0
1684,4,482,0
1685,4,483,0
1686,4,484,0
1687,4,485,0
1688,4,486,0
1689,4,487,0
1690,4,488,0
1691,4,489,0
1692,4,490,0
1693,4,491,0
1694,4,492,0
1695,4,493,0
1696,4,494,0
1697,4,495,0
1698,4,496,0
1699,4,497,0
1700,4,498,0
1701,4,499,0
1702,4,500,0
1703,4,501,0
1704,4,502,0
1705,4,503,0
1706,4,504,0
1707,4,505,0
1708,4,506,0
1709,4,507,0
1710,4,508,0
1711,4,509,0
1712,4,510,0
1713,4,511,0
1714,4,512,0
1715,4,513,0
1716,4,514,0
1717,4,515,0
1718,4,516,0
1719,4,517,0
1720,4,518,0
1721,4,519,0
1722,4,520,0
1723,4,521,0
1724,4,522,0
1725,4,523,0
1726,4,524,0
1727,4,525,0
1728,4,526,0
1729,4,527,0
1730,4,528,0
1731,4,529,0
1732,4,530,0
1733,4,531,0
1734,4,532,0
1735,4,533,0
1736,4,534,0
1737,4,535,0
1738,4,536,0
1739,4,537,0
1740,4,538,0
1741,4,539,0
1742,4,540,0
1743,4,541,0
1744,4,542,0
1745,4,543,0
1746,4,544,0
1747,4,545,0
1748,4,546,0
1749,4,547,0
1750,4,548,0
1751,4,549,0
1752,4,550,0
1753,4,551,0
1754,4,552,0
1755,4,553,0
1756,4,554,0
1757,4,555,0
1758,4,556,0
1759,4,557,0
1760,4,558,0
1761,4,559,0
1762,4,560,0
1763,4,561,0
1764,4,562,0
1765,4,563,0
1766,4,564,0
1767,4,565,0
1768,4,566,0
1769,4,567,0
1770,4,568,0
1771,4,569,0
1772,4,570,0
1773,4,571,0
1774,4,572,0
1775,4,573,0
1776,4,574,0
1777,4,575,0
1778,4,576,0
1779,4,577,0
1780,4,578,0
1781,4,579,0
1782,4,580,0
1783,4,581,0
1784,4,582,0
1785,4,583,0
1786,4,584,0
1787,4,585,0
1788,4,586,0
1789,4,587,0
1790,4,588,0
1791,4,589,0
1792,4,590,0
1793,4,591,0
1794,4,592,0
1795,4,593,0
1796,4,594,0
1797,4,595,0
1798,4,596,0
1799,4,597,0
1800,4,598,0
1801,4,599,0
1802,4,600,0
1803,5,0,0
1804,5,1,0
1805,5,2,0
1806,5,3,0
1807,5,4,0
1808,5,5,0
1809,5,6,0
1810,5,7,0
1811,5,8,0
1812,5,9,0
1813,5,10,0
1814,5,11,0
1815,5,12,0
1816,5,13,0
1817,5,14,0
1818,5,15,0
1819,5,16,0
1820,5,17,0
1821,5,18,0
1822,5,19,0
1823,5,20,0
1824,5,21,0
1825,5,22,0
1826,5,23,0
1827,5,24,0
1828,5,25,0
1829,5,26,0
1830,5,27,0
1831,5,28,0
1832,5,29,0
1833,5,30,0
1834,5,31,0
1835,5,32,0
1836,5,33,0
1837,5,34,0
1838,5,35,0
1839,5,36,0
1840,5,37,0
1841,5,38,0
1842,5,39,0
1843,5,40,0
1844,5,41,0
1845,5,42,0
1846,5,43,0
1847,5,44,0
1848,5,45,0
1849,5,46,0
1850,5,47,0
1851,5,48,0
1852,5,49,0
1853,5,50,0
1854,5,51,0
1855,5,52,0
1856,5,53,0
1857,5,54,0
1858,5,55,0
1859,5,56,0
1860,5,57,0
1861,5,58,0
1862,5,59,0
1863,5,60,0
1864,5,61,0
1865,5,62,0
1866,5,63,0
1867,5,64,0
1868,5,65,0
1869,5,66,0
1870,5,67,0
1871,5,68,0
1872,5,69,0
1873,5,70,0
1874,5,71,0
1875,5,72,0
1876,5,73,0
1877,5,74,0
1878,5,75,0
1879,5,76,0
1880,5,77,0
1881,5,78,0
1882,5,79,0
1883,5,80,0
1884,5,81,0
1885,5,82,0
1886,5,83,0
1887,5,84,0
1888,5,85,0
1889,5,86,0
1890,5,87,0
1891,5,88,0
1892,5,89,0
1893,5,90,0
1894,5,91,0
1895,5,92,0
1896,5,93,0
1897,5,94,0
1898,5,95,0
1899,5,96,0
1900,5,97,0
1901,5,98,0
1902,5,99,0
1903,5,100,0
1904,5,101,0
1905,5,102,0
1906,5,103,0
1907,5,104,0
1908,5,105,0
1909,5,106,0
1910,5,107,0
1911,5,108,0
1912,5,109,0
1913,5,110,0
1914,5,111,0
1915,5,112,0
1916,5,113,0
1917,5,114,0
1918,5,115,0
1919,5,116,0
1920,5,117,0
1921,5,118,0
1922,5,119,0
1923,5,120,0
1924,5,121,0
1925,5,122,0
1926,5,123,0
1927,5,124,0
1928,5,125,0
1929,5,126,0
1930,5,127,0
1931,5,128,0
1932,5,129,0
1933,5,130,0
1934,5,131,0
1935,5,132,0
1936,5,133,0
1937,5,134,0
1938,5,135,0
1939,5,136,0
1940,5,137,0
1941,5,138,0
1942,5,139,0
1943,5,140,0
1944,5,141,0
1945,5,142,0
1946,5,143,0
1947,5,144,0
1948,5,145,0
1949,5,146,0
1950,5,147,0
1951,5,148,0
1952,5,149,0
1953,5,150,0
1954,5,151,0
1955,5,152,0
1956,5,153,0
1957,5,154,0
1958,5,155,0
1959,5,156,0
1960,5,157,0
1961,5,158,0
1962,5,159,0
1963,5,160,0
1964,5,161,0
1965,5,162,0
1966,5,163,0
1967,5,164,0
1968,5,165,0
1969,5,166,0
1970,5,167,0
1971,5,168,0
1972,5,169,0
1973,5,170,0
1974,5,171,0
1975,5,172,0
1976,5,173,0
1977,5,174,0
1978,5,175,0
1979,5,176,0
1980,5,177,0
1981,5,178,0
1982,5,179,0
1983,5,180,0
1984,5,181,0
1985,5,182,0
1986,5,183,0
1987,5,184,0
1988,5,185,0
1989,5,186,0
1990,5,187,0
1991,5,188,0
1992,5,189,0
1993,5,190,0
1994,5,191,0
1995,5,192,0
1996,5,193,0
1997,5,194,0
1998,5,195,0
1999,5,196,0
2000,5,197,0
2001,5,198,0
2002,5,199,0
2003,5,200,0
2004,5,201,0
2005,5,202,0
2006,5,203,0
2007,5,204,0
2008,5,205,0
2009,5,206,0
2010,5,207,0
2011,5,208,0
2012,5,209,0
2013,5,210,0
2014,5,211,0
2015,5,212,0
2016,5,213,0
2017,5,214,0
2018,5,215,0
2019,5,216,0
2020,5,217,0
2021,5,218,0
2022,5,219,0
2023,5,220,0
2024,5,221,0
2025,5,222,0
2026,5,223,0
2027,5,224,0
2028,5,225,0
2029,5,226,0
2030,5,227,0
2031,5,228,0
2032,5,229,0
2033,5,230,0
2034,5,231,0
2035,5,232,0
2036,5,233,0
2037,5,234,0
2038,5,235,0
2039,5,236,0
2040,5,237,0
2041,5,238,0
2042,5,239,0
2043,5,240,0
2044,5,241,0
2045,5,242,0
2046,5,243,0
2047,5,244,0
2048,5,245,0
2049,5,246,0
2050,5,247,0
2051,5,248,0
2052,5,249,0
2053,5,250,0
2054,5,251,0
2055,5,252,0
2056,5,253,0
2057,5,254,0
2058,5,255,0
2059,5,256,0
2060,5,257,0
2061,5,258,0
2062,5,259,0
2063,5,260,0
2064,5,261,0
2065,5,262,0
2066,5,263,0
2067,5,264,0
2068,5,265,0
2069,5,266,0
2070,5,267,0
2071,5,268,0
2072,5,269,0
2073,5,270,0
2074,5,271,0
2075,5,272,0
2076,5,273,0
2077,5,274,0
2078,5,275,0
2079,5,276,0
2080,5,277,0
2081,5,278,0
2082,5,279,0
2083,5,280,0
2084,5,281,0
2085,5,282,0
2086,5,283,0
2087,5,284,0
2088,5,285,0
2089,5,286,0
2090,5,287,0
2091,5,288,0
2092,5,289,0
2093,5,290,0
2094,5,291,0
2095,5,292,0
2096,5,293,0
2097,5,294,0
2098,5,295,0
2099,5,296,0
2100,5,297,0
2101,5,298,0
2102,5,299,0
2103,5,300,0
2104,5,301,0
2105,5,302,0
2106,5,303,0
2107,5,304,0
2108,5,305,0
2109,5,306,0
2110,5,307,0
2111,5,308,0
2112,5,309,0
2113,5,310,0
2114,5,311,0
2115,5,312,0
2116,5,313,0
2117,5,314,0
2118,5,315,0
2119,5,316,0
2120,5,317,0
2121,5,318,0
2122,5,319,0
2123,5,320,0
2124,5,321,0
2125,5,322,0
2126,5,323,0
2127,5,324,0
2128,5,325,0
2129,5,326,0
2130,5,327,0
2131,5,328,0
2132,5,329,0
2133,5,330,0
2134,5,331,0
2135,5,332,0
2136,5,333,0
2137,5,334,0
2138,5,335,0
2139,5,336,0
2140,5,337,0
2141,5,338,0
2142,5,339,0
2143,5,340,0
2144,5,341,0
2145,5,342,0
2146,5,343,0
2147,5,344,0
2148,5,345,0
2149,5,346,0
2150,5,347,0
2151,5,348,0
2152,5,349,0
2153,5,350,0
2154,5,351,0
2155,5,352,0
2156,5,353,0
2157,5,354,0
2158,5,355,0
2159,5,356,0
2160,5,357,0
2161,5,358,0
2162,5,359,0
2163,5,360,0
2164,5,361,0
2165,5,362,0
2166,5,363,0
2167,5,364,0
2168,5,365,0
2169,5,366,0
2170,5,367,0
2171,5,368,0
2172,5,369,0
2173,5,370,0
2174,5,371,0
2175,5,372,0
2176,5,373,0
2177,5,374,0
2178,5,375,0
2179,5,376,0
2180,5,377,0
2181,5,378,0
2182,5,379,0
2183,5,380,0
2184,5,381,0
2185,5,382,0
2186,5,383,0
2187,5,384,0
2188,5,385,0
2189,5,386,0
2190,5,387,0
2191,5,388,0
2192,5,389,0
2193,5,390,0
2194,5,391,0
2195,5,392,0
2196,5,393,0
2197,5,394,0
2198,5,395,0
2199,5,396,0
2200,5,397,0
2201,5,398,0
2202,5,399,0
2203,5,400,0
2204,5,401,0
2205,5,402,0
2206,5,403,0
2207,5,404,0
2208,5,405,0
2209,5,406,0
2210,5,407,0
2211,5,408,0
2212,5,409,0
2213,5,410,0
2214,5,411,0
2215,5,412,0
2216,5,413,0
2217,5,414,0
2218,5,415,0
2219,5,416,0
2220,5,417,0
2221,5,418,0
2222,5,419,0
2223,5,420,0
2224,5,421,0
2225,5,422,0
2226,5,423,0
2227,5,424,0
2228,5,425,0
2229,5,426,0
2230,5,427,0
2231,5,428,0
2232,5,429,0
2233,5,430,0
2234,5,431,0
2235,5,432,0
2236,5,433,0
2237,5,434,0
2238,5,435,0
2239,5,436,0
2240,5,437,0
2241,5,438,0
2242,5,439,0
2243,5,440,0
2244,5,441,0
2245,5,442,0
2246,5,443,0
2247,5,444,0
2248,5,445,0
2249,5,446,0
2250,5,447,0
2251,5,448,0
2252,5,449,0
2253,5,450,0
2254,5,451,0
2255,5,452,0
2256,5,453,0
2257,5,454,0
2258,5,455,0
2259,5,456,0
2260,5,457,0
2261,5,458,0
2262,5,459,0
2263,5,460,0
2264,5,461,0
2265,5,462,0
2266,5,463,0
2267,5,464,0
2268,5,465,0
2269,5,466,0
2270,5,467,0
2271,5,468,0
2272,5,469,0
2273,5,470,0
2274,5,471,0
2275,5,472,0
2276,5,473,0
2277,5,474,0
2278,5,475,0
2279,5,476,0
2280,5,477,0
2281,5,478,0
2282,5,479,0
2283,5,480,0
2284,5,481,0
2285,5,482,0
2286,5,483,0
2287,5,484,0
2288,5,485,0
2289,5,486,0
2290,5,487,0
2291,5,488,0
2292,5,489,0
2293,5,490,0
2294,5,491,0
2295,5,492,0
2296,5,493,0
2297,5,494,0
2298,5,495,0
2299,5,496,0
2300,5,497,0
2301,5,498,0
2302,5,499,0
2303,5,500,0
2304,5,501,0
2305,5,502,0
2306,5,503,0
2307,5,504,0
2308,5,505,0
2309,5,506,0
2310,5,507,0
2311,5,508,0
2312,5,509,0
2313,5,510,0
2314,5,511,0
2315,5,512,0
2316,5,513,0
2317,5,514,0
2318,5,515,0
2319,5,516,0
2320,5,517,0
2321,5,518,0
2322,5,519,0
2323,5,520,0
2324,5,521,0
2325,5,522,0
2326,5,523,0
2327,5,524,0
2328,5,525,0
2329,5,526,0
2330,5,527,0
2331,5,528,0
2332,5,529,0
2333,5,530,0
2334,5,531,0
2335,5,532,0
2336,5,533,0
2337,5,534,0
2338,5,535,0
2339,5,536,0
2340,5,537,0
2341,5,538,0
2342,5,539,0
2343,5,540,0
2344,5,541,0
2345,5,542,0
2346,5,543,0
2347,5,544,0
2348,5,545,0
2349,5,546,0
2350,5,547,0
2351,5,548,0
2352,5,549,0
2353,5,550,0
2354,5,551,0
2355,5,552,0
2356,5,553,0
2357,5,554,0
2358,5,555,0
2359,5,556,0
2360,5,557,0
2361,5,558,0
2362,5,559,0
2363,5,560,0
2364,5,561,0
2365,5,562,0
2366,5,563,0
2367,5,564,0
2368,5,565,0
2369,5,566,0
2370,5,567,0
2371,5,568,0
2372,5,569,0
2373,5,570,0
2374,5,571,0
2375,5,572,0
2376,5,573,0
2377,5,574,0
2378,5,575,0
2379,5,576,0
2380,5,577,0
2381,5,578,0
2382,5,579,0
2383,5,580,0
2384,5,581,0
2385,5,582,0
2386,5,583,0
2387,5,584,0
2388,5,585,0
2389,5,586,0
2390,5,587,0
2391,5,588,0
2392,5,589,0
2393,5,590,0
2394,5,591,0
2395,5,592,0
2396,5,593,0
2397,5,594,0
2398,5,595,0
2399,5,596,0
2400,5,597,0
2401,5,598,0
2402,5,599,1
2403,5,600,1
2404,7,0,0
2405,7,1,0
2406,7,2,0
2407,7,3,0
2408,7,4,0
2409,7,5,0
2410,7,6,0
2411,7,7,0
2412,7,8,0
2413,7,9,0
2414,7,10,0
2415,7,11,0
2416,7,12,0
2417,7,13,0
2418,7,14,0
2419,7,15,0
2420,7,16,0
2421,7,17,0
2422,7,18,0
2423,7,19,0
2424,7,20,0
2425,7,21,0
2426,7,22,0
2427,7,23,0
2428,7,24,0
2429,7,25,0
2430,7,26,0
2431,7,27,0
2432,7,28,0
2433,7,29,0
2434,7,30,0
2435,7,31,0
2436,7,32,0
2437,7,33,0
2438,7,34,0
2439,7,35,0
2440,7,36,0
2441,7,37,0
2442,7,38,0
2443,7,39,0
2444,7,40,0
2445,7,41,0
2446,7,42,0
2447,7,43,0
2448,7,44,0
2449,7,45,0
2450,7,46,0
2451,7,47,0
2452,7,48,0
2453,7,49,0
2454,7,50,0
2455,7,51,0
2456,7,52,0
2457,7,53,0
2458,7,54,0
2459,7,55,0
2460,7,56,0
2461,7,57,0
2462,7,58,0
2463,7,59,0
2464,7,60,0
2465,7,61,0
2466,7,62,0
2467,7,63,0
2468,7,64,0
2469,7,65,0
2470,7,66,0
2471,7,67,0
2472,7,68,0
2473,7,69,0
2474,7,70,0
2475,7,71,0
2476,7,72,0
2477,7,73,0
2478,7,74,0
2479,7,75,0
2480,7,76,0
2481,7,77,0
2482,7,78,0
2483,7,79,0
2484,7,80,0
2485,7,81,0
2486,7,82,0
2487,7,83,0
2488,7,84,0
2489,7,85,0
2490,7,86,0
2491,7,87,0
2492,7,88,0
2493,7,89,0
2494,7,90,0
2495,7,91,0
2496,7,92,0
2497,7,93,0
2498,7,94,0
2499,7,95,0
2500,7,96,0
2501,7,97,0
2502,7,98,0
2503,7,99,0
2504,7,100,0
2505,7,101,0
2506,7,102,0
2507,7,103,0
2508,7,104,0
2509,7,105,0
2510,7,106,0
2511,7,107,0
2512,7,108,0
2513,7,109,0
2514,7,110,0
2515,7,111,0
2516,7,112,0
2517,7,113,0
2518,7,114,0
2519,7,115,0
2520,7,116,0
2521,7,117,0
2522,7,118,0
2523,7,119,0
2524,7,120,0
2525,7,121,0
2526,7,122,0
2527,7,123,0
2528,7,124,0
2529,7,125,0
2530,7,126,0
2531,7,127,0
2532,7,128,0
2533,7,129,0
2534,7,130,0
2535,7,131,0
2536,7,132,0
2537,7,133,0
2538,7,134,0
2539,7,135,0
2540,7,136,0
2541,7,137,0
2542,7,138,0
2543,7,139,0
2544,7,140,0
2545,7,141,0
2546,7,142,0
2547,7,143,0
2548,7,144,0
2549,7,145,0
2550,7,146,0
2551,7,147,0
2552,7,148,0
2553,7,149,0
2554,7,150,0
2555,7,151,0
2556,7,152,0
2557,7,153,0
2558,7,154,0
2559,7,155,0
2560,7,156,0
2561,7,157,0
2562,7,158,0
2563,7,159,0
2564,7,160,0
2565,7,161,0
2566,7,162,0
2567,7,163,0
2568,7,164,0
2569,7,165,0
2570,7,166,0
2571,7,167,0
2572,7,168,0
2573,7,169,0
2574,7,170,0
2575,7,171,0
2576,7,172,0
2577,7,173,0
2578,7,174,0
2579,7,175,0
2580,7,176,0
2581,7,177,0
2582,7,178,0
2583,7,179,0
2584,7,180,0
2585,7,181,0
2586,7,182,0
2587,7,183,0
2588,7,184,0
2589,7,185,0
2590,7,186,0
2591,7,187,0
2592,7,188,0
2593,7,189,0
2594,7,190,0
2595,7,191,0
2596,7,192,0
2597,7,193,0
2598,7,194,0
2599,7,195,0
2600,7,196,0
2601,7,197,0
2602,7,198,0
2603,7,199,0
2604,7,200,0
2605,7,201,0
2606,7,202,0
2607,7,203,0
2608,7,204,0
2609,7,205,0
2610,7,206,0
2611,7,207,0
2612,7,208,0
2613,7,209,0
2614,7,210,0
2615,7,211,0
2616,7,212,0
2617,7,213,0
2618,7,214,0
2619,7,215,0
2620,7,216,0
2621,7,217,0
2622,7,218,0
2623,7,219,0
2624,7,220,0
2625,7,221,0
2626,7,222,0
2627,7,223,0
2628,7,224,0
2629,7,225,0
2630,7,226,0
2631,7,227,0
2632,7,228,0
2633,7,229,0
2634,7,230,0
2635,7,231,0
2636,7,232,0
2637,7,233,0
2638,7,234,0
2639,7,235,0
2640,7,236,0
2641,7,237,0
2642,7,238,0
2643,7,239,0
2644,7,240,0
2645,7,241,0
2646,7,242,0
2647,7,243,0
2648,7,244,0
2649,7,245,0
2650,7,246,0
2651,7,247,0
2652,7,248,0
2653,7,249,0
2654,7,250,0
2655,7,251,0
2656,7,252,0
2657,7,253,0
2658,7,254,0
2659,7,255,0
2660,7,256,0
2661,7,257,0
2662,7,258,0
2663,7,259,0
2664,7,260,0
2665,7,261,0
2666,7,262,0
2667,7,263,0
2668,7,264,0
2669,7,265,0
2670,7,266,0
2671,7,267,0
2672,7,268,0
2673,7,269,0
2674,7,270,0
2675,7,271,0
2676,7,272,0
2677,7,273,0
2678,7,274,0
2679,7,275,0
2680,7,276,0
2681,7,277,0
2682,7,278,0
2683,7,279,0
2684,7,280,0
2685,7,281,0
2686,7,282,0
2687,7,283,0
2688,7,284,0
2689,7,285,0
2690,7,286,0
2691,7,287,0
2692,7,288,0
2693,7,289,0
2694,7,290,0
2695,7,291,0
2696,7,292,0
2697,7,293,0
2698,7,294,0
2699,7,295,0
2700,7,296,0
2701,7,297,0
2702,7,298,0
2703,7,299,0
2704,7,300,0
2705,7,301,0
2706,7,302,0
2707,7,303,0
2708,7,304,0
2709,7,305,0
2710,7,306,0
2711,7,307,0
2712,7,308,0
2713,7,309,0
2714,7,310,0
2715,7,311,0
2716,7,312,0
2717,7,313,0
2718,7,314,0
2719,7,315,0
2720,7,316,0
2721,7,317,0
2722,7,318,0
2723,7,319,0
2724,7,320,0
2725,7,321,0
2726,7,322,0
2727,7,323,0
2728,7,324,0
2729,7,325,0
2730,7,326,0
2731,7,327,0
2732,7,328,0
2733,7,329,0
2734,7,330,0
2735,7,331,0
2736,7,332,0
2737,7,333,0
2738,7,334,0
2739,7,335,0
2740,7,336,0
2741,7,337,0
2742,7,338,0
2743,7,339,0
2744,7,340,0
2745,7,341,0
2746,7,342,0
2747,7,343,0
2748,7,344,0
2749,7,345,0
2750,7,346,0
2751,7,347,0
2752,7,348,0
2753,7,349,0
2754,7,350,0
2755,7,351,0
2756,7,352,0
2757,7,353,0
2758,7,354,0
2759,7,355,0
2760,7,356,0
2761,7,357,0
2762,7,358,0
2763,7,359,0
2764,7,360,0
2765,7,361,0
2766,7,362,0
2767,7,363,0
2768,7,364,0
2769,7,365,0
2770,7,366,0
2771,7,367,0
2772,7,368,0
2773,7,369,0
2774,7,370,0
2775,7,371,0
2776,7,372,0
2777,7,373,0
2778,7,374,0
2779,7,375,0
2780,7,376,0
2781,7,377,0
2782,7,378,0
2783,7,379,0
2784,7,380,0
2785,7,381,0
2786,7,382,0
2787,7,383,0
2788,7,384,0
2789,7,385,0
2790,7,386,0
2791,7,387,0
2792,7,388,0
2793,7,389,0
2794,7,390,0
2795,7,391,0
2796,7,392,0
2797,7,393,0
2798,7,394,0
2799,7,395,0
2800,7,396,0
2801,7,397,0
2802,7,398,0
2803,7,399,0
2804,7,400,0
2805,7,401,0
2806,7,402,0
2807,7,403,0
2808,7,404,0
2809,7,405,0
2810,7,406,0
2811,7,407,0
2812,7,408,0
2813,7,409,0
2814,7,410,0
2815,7,411,0
2816,7,412,0
2817,7,413,0
2818,7,414,0
2819,7,415,0
2820,7,416,0
2821,7,417,0
2822,7,418,0
2823,7,419,0
2824,7,420,0
2825,7,421,0
2826,7,422,0
2827,7,423,0
2828,7,424,0
2829,7,425,0
2830,7,426,0
2831,7,427,0
2832,7,428,0
2833,7,429,0
2834,7,430,0
2835,7,431,0
2836,7,432,0
2837,7,433,0
2838,7,434,0
2839,7,435,0
2840,7,436,0
2841,7,437,0
2842,7,438,0
2843,7,439,0
2844,7,440,0
2845,7,441,0
2846,7,442,0
2847,7,443,0
2848,7,444,0
2849,7,445,0
2850,7,446,0
2851,7,447,0
2852,7,448,0
2853,7,449,0
2854,7,450,0
2855,7,451,0
2856,7,452,0
2857,7,453,0
2858,7,454,0
2859,7,455,0
2860,7,456,0
2861,7,457,0
2862,7,458,0
2863,7,459,0
2864,7,460,0
2865,7,461,0
2866,7,462,0
2867,7,463,0
2868,7,464,0
2869,7,465,0
2870,7,466,0
2871,7,467,0
2872,7,468,0
2873,7,469,0
2874,7,470,0
2875,7,471,0
2876,7,472,0
2877,7,473,0
2878,7,474,0
2879,7,475,0
2880,7,476,0
2881,7,477,0
2882,7,478,0
2883,7,479,0
2884,7,480,0
2885,7,481,0
2886,7,482,0
2887,7,483,0
2888,7,484,0
2889,7,485,0
2890,7,486,0
2891,7,487,0
2892,7,488,0
2893,7,489,0
2894,7,490,0
2895,7,491,0
2896,7,492,0
2897,7,493,0
2898,7,494,0
2899,7,495,0
2900,7,496,0
2901,7,497,0
2902,7,498,0
2903,7,499,0
2904,7,500,0
2905,7,501,0
2906,7,502,0
2907,7,503,0
2908,7,504,0
2909,7,505,0
2910,7,506,0
2911,7,507,0
2912,7,508,0
2913,7,509,0
2914,7,510,0
2915,7,511,0
2916,7,512,0
2917,7,513,0
2918,7,514,0
2919,7,515,0
2920,7,516,0
2921,7,517,0
2922,7,518,0
2923,7,519,0
2924,7,520,0
2925,7,521,0
2926,7,522,0
2927,7,523,0
2928,7,524,0
2929,7,525,0
2930,7,526,0
2931,7,527,0
2932,7,528,0
2933,7,529,0
2934,7,530,0
2935,7,531,0
2936,7,532,0
2937,7,533,0
2938,7,534,0
2939,7,535,0
2940,7,536,0
2941,7,537,0
2942,7,538,0
2943,7,539,0
2944,7,540,0
2945,7,541,0
2946,7,542,0
2947,7,543,0
2948,7,544,0
2949,7,545,0
2950,7,546,0
2951,7,547,0
2952,7,548,0
2953,7,549,0
2954,7,550,0
2955,7,551,0
2956,7,552,0
2957,7,553,0
2958,7,554,0
2959,7,555,0
2960,7,556,0
2961,7,557,0
2962,7,558,0
2963,7,559,0
2964,7,560,0
2965,7,561,0
2966,7,562,0
2967,7,563,0
2968,7,564,0
2969,7,565,0
2970,7,566,0
2971,7,567,0
2972,7,568,0
2973,7,569,0
2974,7,570,0
2975,7,571,0
2976,7,572,0
2977,7,573,0
2978,7,574,0
2979,7,575,0
2980,7,576,0
2981,7,577,0
2982,7,578,0
2983,7,579,0
2984,7,580,0
2985,7,581,0
2986,7,582,0
2987,7,583,0
2988,7,584,0
2989,7,585,0
2990,7,586,0
2991,7,587,0
2992,7,588,0
2993,7,589,0
2994,7,590,0
2995,7,591,0
2996,7,592,0
2997,7,593,0
2998,7,594,0
2999,7,595,0
3000,7,596,0
3001,7,597,0
3002,7,598,0
3003,7,599,0
3004,7,600,0
3005,8,0,0
3006,8,1,0
3007,8,2,0
3008,8,3,0
3009,8,4,0
3010,8,5,0
3011,8,6,0
3012,8,7,0
3013,8,8,0
3014,8,9,0
3015,8,10,0
3016,8,11,0
3017,8,12,0
3018,8,13,0
3019,8,14,0
3020,8,15,0
3021,8,16,0
3022,8,17,0
3023,8,18,0
3024,8,19,0
3025,8,20,0
3026,8,21,0
3027,8,22,0
3028,8,23,0
3029,8,24,0
3030,8,25,0
3031,8,26,0
3032,8,27,0
3033,8,28,0
3034,8,29,0
3035,8,30,0
3036,8,31,0
3037,8,32,0
3038,8,33,0
3039,8,34,0
3040,8,35,0
3041,8,36,0
3042,8,37,0
3043,8,38,0
3044,8,39,0
3045,8,40,0
3046,8,41,0
3047,8,42,0
3048,8,43,0
3049,8,44,0
3050,8,45,0
3051,8,46,0
3052,8,47,0
3053,8,48,0
3054,8,49,0
3055,8,50,0
3056,8,51,0
3057,8,52,0
3058,8,53,0
3059,8,54,0
3060,8,55,0
3061,8,56,0
3062,8,57,0
3063,8,58,0
3064,8,59,0
3065,8,60,0
3066,8,61,0
3067,8,62,0
3068,8,63,0
3069,8,64,0
3070,8,65,0
3071,8,66,0
3072,8,67,0
3073,8,68,0
3074,8,69,0
3075,8,70,0
3076,8,71,0
3077,8,72,0
3078,8,73,0
3079,8,74,0
3080,8,75,0
3081,8,76,0
3082,8,77,0
3083,8,78,0
3084,8,79,0
3085,8,80,0
3086,8,81,0
3087,8,82,0
3088,8,83,0
3089,8,84,0
3090,8,85,0
3091,8,86,0
3092,8,87,0
3093,8,88,0
3094,8,89,0
3095,8,90,0
3096,8,91,0
3097,8,92,0
3098,8,93,0
3099,8,94,0
3100,8,95,0
3101,8,96,0
3102,8,97,0
3103,8,98,0
3104,8,99,0
3105,8,100,0
3106,8,101,0
3107,8,102,0
3108,8,103,0
3109,8,104,0
3110,8,105,0
3111,8,106,0
3112,8,107,0
3113,8,108,0
3114,8,109,0
3115,8,110,0
3116,8,111,0
3117,8,112,0
3118,8,113,0
3119,8,114,0
3120,8,115,0
3121,8,116,0
3122,8,117,0
3123,8,118,0
3124,8,119,0
3125,8,120,0
3126,8,121,0
3127,8,122,0
3128,8,123,0
3129,8,124,0
3130,8,125,0
3131,8,126,0
3132,8,127,0
3133,8,128,0
3134,8,129,0
3135,8,130,0
3136,8,131,0
3137,8,132,0
3138,8,133,0
3139,8,134,0
3140,8,135,0
3141,8,136,0
3142,8,137,0
3143,8,138,0
3144,8,139,0
3145,8,140,0
3146,8,141,0
3147,8,142,0
3148,8,143,0
3149,8,144,0
3150,8,145,0
3151,8,146,0
3152,8,147,0
3153,8,148,0
3154,8,149,0
3155,8,150,0
3156,8,151,0
3157,8,152,0
3158,8,153,0
3159,8,154,0
3160,8,155,0
3161,8,156,0
3162,8,157,0
3163,8,158,0
3164,8,159,0
3165,8,160,0
3166,8,161,0
3167,8,162,0
3168,8,163,0
3169,8,164,0
3170,8,165,0
3171,8,166,0
3172,8,167,0
3173,8,168,0
3174,8,169,0
3175,8,170,0
3176,8,171,0
3177,8,172,0
3178,8,173,0
3179,8,174,0
3180,8,175,0
3181,8,176,0
3182,8,177,0
3183,8,178,0
3184,8,179,0
3185,8,180,0
3186,8,181,0
3187,8,182,0
3188,8,183,0
3189,8,184,0
3190,8,185,0
3191,8,186,0
3192,8,187,0
3193,8,188,0
3194,8,189,0
3195,8,190,0
3196,8,191,0
3197,8,192,0
3198,8,193,0
3199,8,194,0
3200,8,195,0
3201,8,196,0
3202,8,197,0
3203,8,198,0
3204,8,199,0
3205,8,200,0
3206,8,201,0
3207,8,202,0
3208,8,203,0
3209,8,204,0
3210,8,205,0
3211,8,206,0
3212,8,207,0
3213,8,208,0
3214,8,209,0
3215,8,210,0
3216,8,211,0
3217,8,212,0
3218,8,213,0
3219,8,214,0
3220,8,215,0
3221,8,216,0
3222,8,217,0
3223,8,218,0
3224,8,219,0
3225,8,220,0
3226,8,221,0
3227,8,222,0
3228,8,223,0
3229,8,224,0
3230,8,225,0
3231,8,226,0
3232,8,227,0
3233,8,228,0
3234,8,229,0
3235,8,230,0
3236,8,231,0
3237,8,232,0
3238,8,233,0
3239,8,234,0
3240,8,235,0
3241,8,236,0
3242,8,237,0
3243,8,238,0
3244,8,239,0
3245,8,240,0
3246,8,241,0
3247,8,242,0
3248,8,243,0
3249,8,244,0
3250,8,245,0
3251,8,246,0
3252,8,247,0
3253,8,248,0
3254,8,249,0
3255,8,250,0
3256,8,251,0
3257,8,252,0
3258,8,253,0
3259,8,254,0
3260,8,255,0
3261,8,256,0
3262,8,257,0
3263,8,258,0
3264,8,259,0
3265,8,260,0
3266,8,261,0
3267,8,262,0
3268,8,263,0
3269,8,264,0
3270,8,265,0
3271,8,266,0
3272,8,267,0
3273,8,268,0
3274,8,269,0
3275,8,270,0
3276,8,271,0
3277,8,272,0
3278,8,273,0
3279,8,274,0
3280,8,275,0
3281,8,276,0
3282,8,277,0
3283,8,278,0
3284,8,279,0
3285,8,280,0
3286,8,281,0
3287,8,282,0
3288,8,283,0
3289,8,284,0
3290,8,285,0
3291,8,286,0
3292,8,287,0
3293,8,288,0
3294,8,289,0
3295,8,290,0
3296,8,291,0
3297,8,292,0
3298,8,293,0
3299,8,294,0
3300,8,295,0
3301,8,296,0
3302,8,297,0
3303,8,298,0
3304,8,299,0
3305,8,300,0
3306,8,301,0
3307,8,302,0
3308,8,303,0
3309,8,304,0
3310,8,305,0
3311,8,306,0
3312,8,307,0
3313,8,308,0
3314,8,309,0
3315,8,310,0
3316,8,311,0
3317,8,312,0
3318,8,313,0
3319,8,314,0
3320,8,315,0
3321,8,316,0
3322,8,317,0
3323,8,318,0
3324,8,319,0
3325,8,320,0
3326,8,321,0
3327,8,322,0
3328,8,323,0
3329,8,324,0
3330,8,325,0
3331,8,326,0
3332,8,327,0
3333,8,328,0
3334,8,329,0
3335,8,330,0
3336,8,331,0
3337,8,332,0
3338,8,333,0
3339,8,334,0
3340,8,335,0
3341,8,336,0
3342,8,337,0
3343,8,338,0
3344,8,339,0
3345,8,340,0
3346,8,341,0
3347,8,342,0
3348,8,343,0
3349,8,344,0
3350,8,345,0
3351,8,346,0
3352,8,347,0
3353,8,348,0
3354,8,349,0
3355,8,350,0
3356,8,351,0
3357,8,352,0
3358,8,353,0
3359,8,354,0
3360,8,355,0
3361,8,356,0
3362,8,357,0
3363,8,358,0
3364,8,359,0
3365,8,360,0
3366,8,361,0
3367,8,362,0
3368,8,363,0
3369,8,364,0
3370,8,365,0
3371,8,366,0
3372,8,367,0
3373,8,368,0
3374,8,369,0
3375,8,370,0
3376,8,371,0
3377,8,372,0
3378,8,373,0
3379,8,374,0
3380,8,375,0
3381,8,376,0
3382,8,377,0
3383,8,378,0
3384,8,379,0
3385,8,380,0
3386,8,381,0
3387,8,382,0
3388,8,383,0
3389,8,384,0
3390,8,385,0
3391,8,386,0
3392,8,387,0
3393,8,388,0
3394,8,389,0
3395,8,390,0
3396,8,391,0
3397,8,392,0
3398,8,393,0
3399,8,394,0
3400,8,395,0
3401,8,396,0
3402,8,397,0
3403,8,398,0
3404,8,399,0
3405,8,400,0
3406,8,401,0
3407,8,402,0
3408,8,403,0
3409,8,404,0
3410,8,405,0
3411,8,406,0
3412,8,407,0
3413,8,408,0
3414,8,409,0
3415,8,410,0
3416,8,411,0
3417,8,412,0
3418,8,413,0
3419,8,414,0
3420,8,415,0
3421,8,416,0
3422,8,417,0
3423,8,418,0
3424,8,419,0
3425,8,420,0
3426,8,421,0
3427,8,422,0
3428,8,423,0
3429,8,424,0
3430,8,425,0
3431,8,426,0
3432,8,427,0
3433,8,428,0
3434,8,429,0
3435,8,430,0
3436,8,431,0
3437,8,432,0
3438,8,433,0
3439,8,434,0
3440,8,435,0
3441,8,436,0
3442,8,437,0
3443,8,438,0
3444,8,439,0
3445,8,440,0
3446,8,441,0
3447,8,442,0
3448,8,443,0
3449,8,444,0
3450,8,445,0
3451,8,446,0
3452,8,447,0
3453,8,448,0
3454,8,449,0
3455,8,450,0
3456,8,451,0
3457,8,452,0
3458,8,453,0
3459,8,454,0
3460,8,455,0
3461,8,456,0
3462,8,457,0
3463,8,458,0
3464,8,459,0
3465,8,460,0
3466,8,461,0
3467,8,462,0
3468,8,463,0
3469,8,464,0
3470,8,465,0
3471,8,466,0
3472,8,467,0
3473,8,468,0
3474,8,469,0
3475,8,470,0
3476,8,471,0
3477,8,472,0
3478,8,473,0
3479,8,474,0
3480,8,475,0
3481,8,476,0
3482,8,477,0
3483,8,478,0
3484,8,479,0
3485,8,480,0
3486,8,481,0
3487,8,482,0
3488,8,483,0
3489,8,484,0
3490,8,485,0
3491,8,486,0
3492,8,487,0
3493,8,488,0
3494,8,489,0
3495,8,490,0
3496,8,491,0
3497,8,492,0
3498,8,493,0
3499,8,494,0
3500,8,495,0
3501,8,496,0
3502,8,497,0
3503,8,498,0
3504,8,499,0
3505,8,500,0
3506,8,501,0
3507,8,502,0
3508,8,503,0
3509,8,504,0
3510,8,505,0
3511,8,506,0
3512,8,507,0
3513,8,508,0
3514,8,509,0
3515,8,510,0
3516,8,511,0
3517,8,512,0
3518,8,513,0
3519,8,514,0
3520,8,515,0
3521,8,516,0
3522,8,517,0
3523,8,518,0
3524,8,519,0
3525,8,520,0
3526,8,521,0
3527,8,522,0
3528,8,523,0
3529,8,524,0
3530,8,525,0
3531,8,526,0
3532,8,527,0
3533,8,528,0
3534,8,529,0
3535,8,530,0
3536,8,531,0
3537,8,532,0
3538,8,533,0
3539,8,534,0
3540,8,535,0
3541,8,536,0
3542,8,537,0
3543,8,538,0
3544,8,539,0
3545,8,540,0
3546,8,541,0
3547,8,542,0
3548,8,543,0
3549,8,544,0
3550,8,545,0
3551,8,546,0
3552,8,547,0
3553,8,548,0
3554,8,549,0
3555,8,550,0
3556,8,551,0
3557,8,552,0
3558,8,553,0
3559,8,554,0
3560,8,555,0
3561,8,556,0
3562,8,557,0
3563,8,558,0
3564,8,559,0
3565,8,560,0
3566,8,561,0
3567,8,562,0
3568,8,563,0
3569,8,564,0
3570,8,565,0
3571,8,566,0
3572,8,567,0
3573,8,568,0
3574,8,569,0
3575,8,570,0
3576,8,571,0
3577,8,572,0
3578,8,573,0
3579,8,574,0
3580,8,575,0
3581,8,576,0
3582,8,577,0
3583,8,578,0
3584,8,579,0
3585,8,580,0
3586,8,581,0
3587,8,582,0
3588,8,583,0
3589,8,584,0
3590,8,585,0
3591,8,586,0
3592,8,587,0
3593,8,588,0
3594,8,589,0
3595,8,590,0
3596,8,591,0
3597,8,592,0
3598,8,593,0
3599,8,594,0
3600,8,595,0
3601,8,596,0
3602,8,597,0
3603,8,598,0
3604,8,599,0
3605,8,600,0
3606,9,0,0
3607,9,1,0
3608,9,2,0
3609,9,3,0
3610,9,4,0
3611,9,5,0
3612,9,6,0
3613,9,7,0
3614,9,8,0
3615,9,9,0
3616,9,10,0
3617,9,11,0
3618,9,12,0
3619,9,13,0
3620,9,14,0
3621,9,15,0
3622,9,16,0
3623,9,17,0
3624,9,18,0
3625,9,19,0
3626,9,20,0
3627,9,21,0
3628,9,22,0
3629,9,23,0
3630,9,24,0
3631,9,25,0
3632,9,26,0
3633,9,27,0
3634,9,28,0
3635,9,29,0
3636,9,30,0
3637,9,31,0
3638,9,32,0
3639,9,33,0
3640,9,34,0
3641,9,35,0
3642,9,36,0
3643,9,37,0
3644,9,38,0
3645,9,39,0
3646,9,40,0
3647,9,41,0
3648,9,42,0
3649,9,43,0
3650,9,44,0
3651,9,45,0
3652,9,46,0
3653,9,47,0
3654,9,48,0
3655,9,49,0
3656,9,50,0
3657,9,51,0
3658,9,52,0
3659,9,53,0
3660,9,54,0
3661,9,55,0
3662,9,56,0
3663,9,57,0
3664,9,58,0
3665,9,59,0
3666,9,60,0
3667,9,61,0
3668,9,62,0
3669,9,63,0
3670,9,64,0
3671,9,65,0
3672,9,66,0
3673,9,67,0
3674,9,68,0
3675,9,69,0
3676,9,70,0
3677,9,71,0
3678,9,72,0
3679,9,73,0
3680,9,74,0
3681,9,75,0
3682,9,76,0
3683,9,77,0
3684,9,78,0
3685,9,79,0
3686,9,80,0
3687,9,81,0
3688,9,82,0
3689,9,83,0
3690,9,84,0
3691,9,85,0
3692,9,86,0
3693,9,87,0
3694,9,88,0
3695,9,89,0
3696,9,90,0
3697,9,91,0
3698,9,92,0
3699,9,93,0
3700,9,94,0
3701,9,95,0
3702,9,96,0
3703,9,97,0
3704,9,98,0
3705,9,99,0
3706,9,100,0
3707,9,101,0
3708,9,102,0
3709,9,103,0
3710,9,104,0
3711,9,105,0
3712,9,106,0
3713,9,107,0
3714,9,108,0
3715,9,109,0
3716,9,110,0
3717,9,111,0
3718,9,112,0
3719,9,113,0
3720,9,114,0
3721,9,115,0
3722,9,116,0
3723,9,117,0
3724,9,118,0
3725,9,119,0
3726,9,120,0
3727,9,121,0
3728,9,122,0
3729,9,123,0
3730,9,124,0
3731,9,125,0
3732,9,126,0
3733,9,127,0
3734,9,128,0
3735,9,129,0
3736,9,130,0
3737,9,131,0
3738,9,132,0
3739,9,133,0
3740,9,134,0
3741,9,135,0
3742,9,136,0
3743,9,137,0
3744,9,138,0
3745,9,139,0
3746,9,140,0
3747,9,141,0
3748,9,142,0
3749,9,143,0
3750,9,144,0
3751,9,145,0
3752,9,146,0
3753,9,147,0
3754,9,148,0
3755,9,149,0
3756,9,150,0
3757,9,151,0
3758,9,152,0
3759,9,153,0
3760,9,154,0
3761,9,155,0
3762,9,156,0
3763,9,157,0
3764,9,158,0
3765,9,159,0
3766,9,160,0
3767,9,161,0
3768,9,162,0
3769,9,163,0
3770,9,164,0
3771,9,165,0
3772,9,166,0
3773,9,167,0
3774,9,168,0
3775,9,169,0
3776,9,170,0
3777,9,171,0
3778,9,172,0
3779,9,173,0
3780,9,174,0
3781,9,175,0
3782,9,176,0
3783,9,177,0
3784,9,178,0
3785,9,179,0
3786,9,180,0
3787,9,181,0
3788,9,182,0
3789,9,183,0
3790,9,184,0
3791,9,185,0
3792,9,186,0
3793,9,187,0
3794,9,188,0
3795,9,189,0
3796,9,190,0
3797,9,191,0
3798,9,192,0
3799,9,193,0
3800,9,194,0
3801,9,195,0
3802,9,196,0
3803,9,197,0
3804,9,198,0
3805,9,199,0
3806,9,200,0
3807,9,201,0
3808,9,202,0
3809,9,203,0
3810,9,204,0
3811,9,205,0
3812,9,206,0
3813,9,207,0
3814,9,208,0
3815,9,209,0
3816,9,210,0
3817,9,211,0
3818,9,212,0
3819,9,213,0
3820,9,214,0
3821,9,215,0
3822,9,216,0
3823,9,217,0
3824,9,218,0
3825,9,219,0
3826,9,220,0
3827,9,221,0
3828,9,222,0
3829,9,223,0
3830,9,224,0
3831,9,225,0
3832,9,226,0
3833,9,227,0
3834,9,228,0
3835,9,229,0
3836,9,230,0
3837,9,231,0
3838,9,232,0
3839,9,233,0
3840,9,234,0
3841,9,235,0
3842,9,236,0
3843,9,237,0
3844,9,238,0
3845,9,239,0
3846,9,240,0
3847,9,241,0
3848,9,242,0
3849,9,243,0
3850,9,244,0
3851,9,245,0
3852,9,246,0
3853,9,247,0
3854,9,248,0
3855,9,249,0
3856,9,250,0
3857,9,251,0
3858,9,252,0
3859,9,253,0
3860,9,254,0
3861,9,255,0
3862,9,256,0
3863,9,257,0
3864,9,258,0
3865,9,259,0
3866,9,260,0
3867,9,261,0
3868,9,262,0
3869,9,263,0
3870,9,264,0
3871,9,265,0
3872,9,266,0
3873,9,267,0
3874,9,268,0
3875,9,269,0
3876,9,270,0
3877,9,271,0
3878,9,272,0
3879,9,273,0
3880,9,274,0
3881,9,275,0
3882,9,276,0
3883,9,277,0
3884,9,278,0
3885,9,279,0
3886,9,280,0
3887,9,281,0
3888,9,282,0
3889,9,283,0
3890,9,284,0
3891,9,285,0
3892,9,286,0
3893,9,287,0
3894,9,288,0
3895,9,289,0
3896,9,290,0
3897,9,291,0
3898,9,292,0
3899,9,293,0
3900,9,294,0
3901,9,295,0
3902,9,296,0
3903,9,297,0
3904,9,298,0
3905,9,299,0
3906,9,300,0
3907,9,301,0
3908,9,302,0
3909,9,303,0
3910,9,304,0
3911,9,305,0
3912,9,306,0
3913,9,307,0
3914,9,308,0
3915,9,309,0
3916,9,310,0
3917,9,311,0
3918,9,312,0
3919,9,313,0
3920,9,314,0
3921,9,315,0
3922,9,316,0
3923,9,317,0
3924,9,318,0
3925,9,319,0
3926,9,320,0
3927,9,321,0
3928,9,322,0
3929,9,323,0
3930,9,324,0
3931,9,325,0
3932,9,326,0
3933,9,327,0
3934,9,328,0
3935,9,329,0
3936,9,330,0
3937,9,331,0
3938,9,332,0
3939,9,333,0
3940,9,334,0
3941,9,335,0
3942,9,336,0
3943,9,337,0
3944,9,338,0
3945,9,339,0
3946,9,340,0
3947,9,341,0
3948,9,342,0
3949,9,343,0
3950,9,344,0
3951,9,345,0
3952,9,346,0
3953,9,347,0
3954,9,348,0
3955,9,349,0
3956,9,350,0
3957,9,351,0
3958,9,352,0
3959,9,353,0
3960,9,354,0
3961,9,355,0
3962,9,356,0
3963,9,357,0
3964,9,358,0
3965,9,359,0
3966,9,360,0
3967,9,361,0
3968,9,362,0
3969,9,363,0
3970,9,364,0
3971,9,365,0
3972,9,366,0
3973,9,367,0
3974,9,368,0
3975,9,369,0
3976,9,370,0
3977,9,371,0
3978,9,372,0
3979,9,373,0
3980,9,374,0
3981,9,375,0
3982,9,376,0
3983,9,377,0
3984,9,378,0
3985,9,379,0
3986,9,380,0
3987,9,381,0
3988,9,382,0
3989,9,383,0
3990,9,384,0
3991,9,385,0
3992,9,386,0
3993,9,387,0
3994,9,388,0
3995,9,389,0
3996,9,390,0
3997,9,391,0
3998,9,392,0
3999,9,393,0
4000,9,394,0
4001,9,395,0
4002,9,396,0
4003,9,397,0
4004,9,398,0
4005,9,399,0
4006,9,400,0
4007,9,401,0
4008,9,402,0
4009,9,403,0
4010,9,404,0
4011,9,405,0
4012,9,406,0
4013,9,407,0
4014,9,408,0
4015,9,409,0
4016,9,410,0
4017,9,411,0
4018,9,412,0
4019,9,413,0
4020,9,414,0
4021,9,415,0
4022,9,416,0
4023,9,417,0
4024,9,418,0
4025,9,419,0
4026,9,420,0
4027,9,421,0
4028,9,422,0
4029,9,423,0
4030,9,424,0
4031,9,425,0
4032,9,426,0
4033,9,427,0
4034,9,428,0
4035,9,429,0
4036,9,430,0
4037,9,431,0
4038,9,432,0
4039,9,433,0
4040,9,434,0
4041,9,435,0
4042,9,436,0
4043,9,437,0
4044,9,438,0
4045,9,439,0
4046,9,440,0
4047,9,441,0
4048,9,442,0
4049,9,443,0
4050,9,444,0
4051,9,445,0
4052,9,446,0
4053,9,447,0
4054,9,448,0
4055,9,449,0
4056,9,450,0
4057,9,451,0
4058,9,452,0
4059,9,453,0
4060,9,454,0
4061,9,455,0
4062,9,456,0
4063,9,457,0
4064,9,458,0
4065,9,459,0
4066,9,460,0
4067,9,461,0
4068,9,462,0
4069,9,463,0
4070,9,464,0
4071,9,465,0
4072,9,466,0
4073,9,467,0
4074,9,468,0
4075,9,469,0
4076,9,470,0
4077,9,471,0
4078,9,472,0
4079,9,473,0
4080,9,474,0
4081,9,475,0
4082,9,476,0
4083,9,477,0
4084,9,478,0
4085,9,479,0
4086,9,480,0
4087,9,481,0
4088,9,482,0
4089,9,483,0
4090,9,484,0
4091,9,485,0
4092,9,486,0
4093,9,487,0
4094,9,488,0
4095,9,489,0
4096,9,490,0
4097,9,491,0
4098,9,492,0
4099,9,493,0
4100,9,494,0
4101,9,495,0
4102,9,496,0
4103,9,497,0
4104,9,498,0
4105,9,499,0
4106,9,500,0
4107,9,501,0
4108,9,502,0
4109,9,503,0
4110,9,504,0
4111,9,505,0
4112,9,506,0
4113,9,507,0
4114,9,508,0
4115,9,509,0
4116,9,510,0
4117,9,511,0
4118,9,512,0
4119,9,513,0
4120,9,514,0
4121,9,515,0
4122,9,516,0
4123,9,517,0
4124,9,518,0
4125,9,519,0
4126,9,520,0
4127,9,521,0
4128,9,522,0
4129,9,523,0
4130,9,524,0
4131,9,525,0
4132,9,526,0
4133,9,527,0
4134,9,528,0
4135,9,529,0
4136,9,530,0
4137,9,531,0
4138,9,532,0
4139,9,533,0
4140,9,534,0
4141,9,535,0
4142,9,536,0
4143,9,537,0
4144,9,538,0
4145,9,539,0
4146,9,540,0
4147,9,541,0
4148,9,542,0
4149,9,543,0
4150,9,544,0
4151,9,545,0
4152,9,546,0
4153,9,547,0
4154,9,548,0
4155,9,549,0
4156,9,550,0
4157,9,551,0
4158,9,552,0
4159,9,553,0
4160,9,554,0
4161,9,555,0
4162,9,556,0
4163,9,557,0
4164,9,558,0
4165,9,559,0
4166,9,560,0
4167,9,561,0
4168,9,562,0
4169,9,563,0
4170,9,564,0
4171,9,565,0
4172,9,566,0
4173,9,567,0
4174,9,568,0
4175,9,569,0
4176,9,570,0
4177,9,571,0
4178,9,572,0
4179,9,573,0
4180,9,574,0
4181,9,575,0
4182,9,576,0
4183,9,577,0
4184,9,578,0
4185,9,579,0
4186,9,580,0
4187,9,581,0
4188,9,582,0
4189,9,583,0
4190,9,584,0
4191,9,585,0
4192,9,586,0
4193,9,587,0
4194,9,588,0
4195,9,589,0
4196,9,590,0
4197,9,591,0
4198,9,592,0
4199,9,593,0
4200,9,594,0
4201,9,595,0
4202,9,596,0
4203,9,597,0
4204,9,598,0
4205,9,599,0
4206,9,600,0
4207,10,0,0
4208,10,1,0
4209,10,2,0
4210,10,3,0
4211,10,4,0
4212,10,5,0
4213,10,6,0
4214,10,7,0
4215,10,8,0
4216,10,9,0
4217,10,10,0
4218,10,11,0
4219,10,12,0
4220,10,13,0
4221,10,14,0
4222,10,15,0
4223,10,16,0
4224,10,17,0
4225,10,18,0
4226,10,19,0
4227,10,20,0
4228,10,21,0
4229,10,22,0
4230,10,23,0
4231,10,24,0
4232,10,25,0
4233,10,26,0
4234,10,27,0
4235,10,28,0
4236,10,29,0
4237,10,30,0
4238,10,31,0
4239,10,32,0
4240,10,33,0
4241,10,34,0
4242,10,35,0
4243,10,36,0
4244,10,37,0
4245,10,38,0
4246,10,39,0
4247,10,40,0
4248,10,41,0
4249,10,42,0
4250,10,43,0
4251,10,44,0
4252,10,45,0
4253,10,46,0
4254,10,47,0
4255,10,48,0
4256,10,49,0
4257,10,50,0
4258,10,51,0
4259,10,52,0
4260,10,53,0
4261,10,54,0
4262,10,55,0
4263,10,56,0
4264,10,57,0
4265,10,58,0
4266,10,59,0
4267,10,60,0
4268,10,61,0
4269,10,62,0
4270,10,63,0
4271,10,64,0
4272,10,65,0
4273,10,66,0
4274,10,67,0
4275,10,68,0
4276,10,69,0
4277,10,70,0
4278,10,71,0
4279,10,72,0
4280,10,73,0
4281,10,74,0
4282,10,75,0
4283,10,76,0
4284,10,77,0
4285,10,78,0
4286,10,79,0
4287,10,80,0
4288,10,81,0
4289,10,82,0
4290,10,83,0
4291,10,84,0
4292,10,85,0
4293,10,86,0
4294,10,87,0
4295,10,88,0
4296,10,89,0
4297,10,90,0
4298,10,91,0
4299,10,92,0
4300,10,93,0
4301,10,94,0
4302,10,95,0
4303,10,96,0
4304,10,97,0
4305,10,98,0
4306,10,99,0
4307,10,100,0
4308,10,101,0
4309,10,102,0
4310,10,103,0
4311,10,104,0
4312,10,105,0
4313,10,106,0
4314,10,107,0
4315,10,108,0
4316,10,109,0
4317,10,110,0
4318,10,111,0
4319,10,112,0
4320,10,113,0
4321,10,114,0
4322,10,115,0
4323,10,116,0
4324,10,117,0
4325,10,118,0
4326,10,119,0
4327,10,120,0
4328,10,121,0
4329,10,122,0
4330,10,123,0
4331,10,124,0
4332,10,125,0
4333,10,126,0
4334,10,127,0
4335,10,128,0
4336,10,129,0
4337,10,130,0
4338,10,131,0
4339,10,132,0
4340,10,133,0
4341,10,134,0
4342,10,135,0
4343,10,136,0
4344,10,137,0
4345,10,138,0
4346,10,139,0
4347,10,140,0
4348,10,141,0
4349,10,142,0
4350,10,143,0
4351,10,144,0
4352,10,145,0
4353,10,146,0
4354,10,147,0
4355,10,148,0
4356,10,149,0
4357,10,150,0
4358,10,151,0
4359,10,152,0
4360,10,153,0
4361,10,154,0
4362,10,155,0
4363,10,156,0
4364,10,157,0
4365,10,158,0
4366,10,159,0
4367,10,160,0
4368,10,161,0
4369,10,162,0
4370,10,163,0
4371,10,164,0
4372,10,165,0
4373,10,166,0
4374,10,167,0
4375,10,168,0
4376,10,169,0
4377,10,170,0
4378,10,171,0
4379,10,172,0
4380,10,173,0
4381,10,174,0
4382,10,175,0
4383,10,176,0
4384,10,177,0
4385,10,178,0
4386,10,179,0
4387,10,180,0
4388,10,181,0
4389,10,182,0
4390,10,183,0
4391,10,184,0
4392,10,185,0
4393,10,186,0
4394,10,187,0
4395,10,188,0
4396,10,189,0
4397,10,190,0
4398,10,191,0
4399,10,192,0
4400,10,193,0
4401,10,194,0
4402,10,195,0
4403,10,196,0
4404,10,197,0
4405,10,198,0
4406,10,199,0
4407,10,200,0
4408,10,201,0
4409,10,202,0
4410,10,203,0
4411,10,204,0
4412,10,205,0
4413,10,206,0
4414,10,207,0
4415,10,208,0
4416,10,209,0
4417,10,210,0
4418,10,211,0
4419,10,212,0
4420,10,213,0
4421,10,214,0
4422,10,215,0
4423,10,216,0
4424,10,217,0
4425,10,218,0
4426,10,219,0
4427,10,220,0
4428,10,221,0
4429,10,222,0
4430,10,223,0
4431,10,224,0
4432,10,225,0
4433,10,226,0
4434,10,227,0
4435,10,228,0
4436,10,229,0
4437,10,230,0
4438,10,231,0
4439,10,232,0
4440,10,233,0
4441,10,234,0
4442,10,235,0
4443,10,236,0
4444,10,237,0
4445,10,238,0
4446,10,239,0
4447,10,240,0
4448,10,241,0
4449,10,242,0
4450,10,243,0
4451,10,244,0
4452,10,245,0
4453,10,246,0
4454,10,247,0
4455,10,248,0
4456,10,249,0
4457,10,250,0
4458,10,251,0
4459,10,252,0
4460,10,253,0
4461,10,254,0
4462,10,255,0
4463,10,256,0
4464,10,257,0
4465,10,258,0
4466,10,259,0
4467,10,260,0
4468,10,261,0
4469,10,262,0
4470,10,263,0
4471,10,264,0
4472,10,265,0
4473,10,266,0
4474,10,267,0
4475,10,268,0
4476,10,269,0
4477,10,270,0
4478,10,271,0
4479,10,272,0
4480,10,273,0
4481,10,274,0
4482,10,275,0
4483,10,276,0
4484,10,277,0
4485,10,278,0
4486,10,279,0
4487,10,280,0
4488,10,281,0
4489,10,282,0
4490,10,283,0
4491,10,284,0
4492,10,285,0
4493,10,286,0
4494,10,287,0
4495,10,288,0
4496,10,289,0
4497,10,290,0
4498,10,291,0
4499,10,292,0
4500,10,293,0
4501,10,294,0
4502,10,295,0
4503,10,296,0
4504,10,297,0
4505,10,298,0
4506,10,299,0
4507,10,300,0
4508,10,301,0
4509,10,302,0
4510,10,303,0
4511,10,304,0
4512,10,305,0
4513,10,306,0
4514,10,307,0
4515,10,308,0
4516,10,309,0
4517,10,310,0
4518,10,311,0
4519,10,312,0
4520,10,313,0
4521,10,314,0
4522,10,315,0
4523,10,316,0
4524,10,317,0
4525,10,318,0
4526,10,319,0
4527,10,320,0
4528,10,321,0
4529,10,322,0
4530,10,323,0
4531,10,324,0
4532,10,325,0
4533,10,326,0
4534,10,327,0
4535,10,328,0
4536,10,329,0
4537,10,330,0
4538,10,331,0
4539,10,332,0
4540,10,333,0
4541,10,334,0
4542,10,335,0
4543,10,336,0
4544,10,337,0
4545,10,338,0
4546,10,339,0
4547,10,340,0
4548,10,341,0
4549,10,342,0
4550,10,343,0
4551,10,344,0
4552,10,345,0
4553,10,346,0
4554,10,347,0
4555,10,348,0
4556,10,349,0
4557,10,350,0
4558,10,351,0
4559,10,352,0
4560,10,353,0
4561,10,354,0
4562,10,355,0
4563,10,356,0
4564,10,357,0
4565,10,358,0
4566,10,359,0
4567,10,360,0
4568,10,361,0
4569,10,362,0
4570,10,363,0
4571,10,364,0
4572,10,365,0
4573,10,366,0
4574,10,367,0
4575,10,368,0
4576,10,369,0
4577,10,370,0
4578,10,371,0
4579,10,372,0
4580,10,373,0
4581,10,374,0
4582,10,375,0
4583,10,376,0
4584,10,377,0
4585,10,378,0
4586,10,379,0
4587,10,380,0
4588,10,381,0
4589,10,382,0
4590,10,383,0
4591,10,384,0
4592,10,385,0
4593,10,386,0
4594,10,387,0
4595,10,388,0
4596,10,389,0
4597,10,390,0
4598,10,391,0
4599,10,392,0
4600,10,393,0
4601,10,394,0
4602,10,395,0
4603,10,396,0
4604,10,397,0
4605,10,398,0
4606,10,399,0
4607,10,400,0
4608,10,401,0
4609,10,402,0
4610,10,403,0
4611,10,404,0
4612,10,405,0
4613,10,406,0
4614,10,407,0
4615,10,408,0
4616,10,409,0
4617,10,410,0
4618,10,411,0
4619,10,412,0
4620,10,413,0
4621,10,414,0
4622,10,415,0
4623,10,416,0
4624,10,417,0
4625,10,418,0
4626,10,419,0
4627,10,420,0
4628,10,421,0
4629,10,422,0
4630,10,423,0
4631,10,424,0
4632,10,425,0
4633,10,426,0
4634,10,427,0
4635,10,428,0
4636,10,429,0
4637,10,430,0
4638,10,431,0
4639,10,432,0
4640,10,433,0
4641,10,434,0
4642,10,435,0
4643,10,436,0
4644,10,437,0
4645,10,438,0
4646,10,439,0
4647,10,440,0
4648,10,441,0
4649,10,442,0
4650,10,443,0
4651,10,444,0
4652,10,445,0
4653,10,446,0
4654,10,447,0
4655,10,448,0
4656,10,449,0
4657,10,450,0
4658,10,451,0
4659,10,452,0
4660,10,453,0
4661,10,454,0
4662,10,455,0
4663,10,456,0
4664,10,457,0
4665,10,458,0
4666,10,459,0
4667,10,460,0
4668,10,461,0
4669,10,462,0
4670,10,463,0
4671,10,464,0
4672,10,465,0
4673,10,466,0
4674,10,467,0
4675,10,468,0
4676,10,469,0
4677,10,470,0
4678,10,471,0
4679,10,472,0
4680,10,473,0
4681,10,474,0
4682,10,475,0
4683,10,476,0
4684,10,477,0
4685,10,478,0
4686,10,479,0
4687,10,480,0
4688,10,481,0
4689,10,482,0
4690,10,483,0
4691,10,484,0
4692,10,485,0
4693,10,486,0
4694,10,487,0
4695,10,488,0
4696,10,489,0
4697,10,490,0
4698,10,491,0
4699,10,492,0
4700,10,493,0
4701,10,494,0
4702,10,495,0
4703,10,496,0
4704,10,497,0
4705,10,498,0
4706,10,499,0
4707,10,500,0
4708,10,501,0
4709,10,502,0
4710,10,503,0
4711,10,504,0
4712,10,505,0
4713,10,506,0
4714,10,507,0
4715,10,508,0
4716,10,509,0
4717,10,510,0
4718,10,511,0
4719,10,512,0
4720,10,513,0
4721,10,514,0
4722,10,515,0
4723,10,516,0
4724,10,517,0
4725,10,518,0
4726,10,519,0
4727,10,520,0
4728,10,521,0
4729,10,522,0
4730,10,523,0
4731,10,524,0
4732,10,525,0
4733,10,526,0
4734,10,527,0
4735,10,528,0
4736,10,529,0
4737,10,530,0
4738,10,531,0
4739,10,532,0
4740,10,533,0
4741,10,534,0
4742,10,535,0
4743,10,536,0
4744,10,537,0
4745,10,538,0
4746,10,539,0
4747,10,540,0
4748,10,541,0
4749,10,542,0
4750,10,543,0
4751,10,544,0
4752,10,545,0
4753,10,546,0
4754,10,547,0
4755,10,548,0
4756,10,549,0
4757,10,550,0
4758,10,551,0
4759,10,552,0
4760,10,553,0
4761,10,554,0
4762,10,555,0
4763,10,556,0
4764,10,557,0
4765,10,558,0
4766,10,559,0
4767,10,560,0
4768,10,561,0
4769,10,562,0
4770,10,563,0
4771,10,564,0
4772,10,565,0
4773,10,566,0
4774,10,567,0
4775,10,568,0
4776,10,569,0
4777,10,570,0
4778,10,571,0
4779,10,572,0
4780,10,573,0
4781,10,574,0
4782,10,575,0
4783,10,576,0
4784,10,577,0
4785,10,578,0
4786,10,579,0
4787,10,580,0
4788,10,581,0
4789,10,582,0
4790,10,583,0
4791,10,584,0
4792,10,585,0
4793,10,586,0
4794,10,587,0
4795,10,588,0
4796,10,589,0
4797,10,590,0
4798,10,591,0
4799,10,592,0
4800,10,593,0
4801,10,594,0
4802,10,595,0
4803,10,596,0
4804,10,597,0
4805,10,598,0
4806,10,599,0
4807,10,600,0
4808,11,0,0
4809,11,1,0
4810,11,2,0
4811,11,3,0
4812,11,4,0
4813,11,5,0
4814,11,6,0
4815,11,7,0
4816,11,8,0
4817,11,9,0
4818,11,10,0
4819,11,11,0
4820,11,12,0
4821,11,13,0
4822,11,14,0
4823,11,15,0
4824,11,16,0
4825,11,17,0
4826,11,18,0
4827,11,19,0
4828,11,20,0
4829,11,21,0
4830,11,22,0
4831,11,23,0
4832,11,24,0
4833,11,25,0
4834,11,26,0
4835,11,27,0
4836,11,28,0
4837,11,29,0
4838,11,30,0
4839,11,31,0
4840,11,32,0
4841,11,33,0
4842,11,34,0
4843,11,35,0
4844,11,36,0
4845,11,37,0
4846,11,38,0
4847,11,39,0
4848,11,40,0
4849,11,41,0
4850,11,42,0
4851,11,43,0
4852,11,44,0
4853,11,45,0
4854,11,46,0
4855,11,47,0
4856,11,48,0
4857,11,49,0
4858,11,50,0
4859,11,51,0
4860,11,52,0
4861,11,53,0
4862,11,54,0
4863,11,55,0
4864,11,56,0
4865,11,57,0
4866,11,58,0
4867,11,59,0
4868,11,60,0
4869,11,61,0
4870,11,62,0
4871,11,63,0
4872,11,64,0
4873,11,65,0
4874,11,66,0
4875,11,67,0
4876,11,68,0
4877,11,69,0
4878,11,70,0
4879,11,71,0
4880,11,72,0
4881,11,73,0
4882,11,74,0
4883,11,75,0
4884,11,76,0
4885,11,77,0
4886,11,78,0
4887,11,79,0
4888,11,80,0
4889,11,81,0
4890,11,82,0
4891,11,83,0
4892,11,84,0
4893,11,85,0
4894,11,86,0
4895,11,87,0
4896,11,88,0
4897,11,89,0
4898,11,90,0
4899,11,91,0
4900,11,92,0
4901,11,93,0
4902,11,94,0
4903,11,95,0
4904,11,96,0
4905,11,97,0
4906,11,98,0
4907,11,99,0
4908,11,100,0
4909,11,101,0
4910,11,102,0
4911,11,103,0
4912,11,104,0
4913,11,105,0
4914,11,106,0
4915,11,107,0
4916,11,108,0
4917,11,109,0
4918,11,110,0
4919,11,111,0
4920,11,112,0
4921,11,113,0
4922,11,114,0
4923,11,115,0
4924,11,116,0
4925,11,117,0
4926,11,118,0
4927,11,119,0
4928,11,120,0
4929,11,121,0
4930,11,122,0
4931,11,123,0
4932,11,124,0
4933,11,125,0
4934,11,126,0
4935,11,127,0
4936,11,128,0
4937,11,129,0
4938,11,130,0
4939,11,131,0
4940,11,132,0
4941,11,133,0
4942,11,134,0
4943,11,135,0
4944,11,136,0
4945,11,137,0
4946,11,138,0
4947,11,139,0
4948,11,140,0
4949,11,141,0
4950,11,142,0
4951,11,143,0
4952,11,144,0
4953,11,145,0
4954,11,146,0
4955,11,147,0
4956,11,148,0
4957,11,149,0
4958,11,150,0
4959,11,151,0
4960,11,152,0
4961,11,153,0
4962,11,154,0
4963,11,155,0
4964,11,156,0
4965,11,157,0
4966,11,158,0
4967,11,159,0
4968,11,160,0
4969,11,161,0
4970,11,162,0
4971,11,163,0
4972,11,164,0
4973,11,165,0
4974,11,166,0
4975,11,167,0
4976,11,168,0
4977,11,169,0
4978,11,170,0
4979,11,171,0
4980,11,172,0
4981,11,173,0
4982,11,174,0
4983,11,175,0
4984,11,176,0
4985,11,177,0
4986,11,178,0
4987,11,179,0
4988,11,180,0
4989,11,181,0
4990,11,182,0
4991,11,183,0
4992,11,184,0
4993,11,185,0
4994,11,186,0
4995,11,187,0
4996,11,188,0
4997,11,189,0
4998,11,190,0
4999,11,191,0
5000,11,192,0
5001,11,193,0
5002,11,194,0
5003,11,195,0
5004,11,196,0
5005,11,197,0
5006,11,198,0
5007,11,199,0
5008,11,200,0
5009,11,201,0
5010,11,202,0
5011,11,203,0
5012,11,204,0
5013,11,205,0
5014,11,206,0
5015,11,207,0
5016,11,208,0
5017,11,209,0
5018,11,210,0
5019,11,211,0
5020,11,212,0
5021,11,213,0
5022,11,214,0
5023,11,215,0
5024,11,216,0
5025,11,217,0
5026,11,218,0
5027,11,219,0
5028,11,220,0
5029,11,221,0
5030,11,222,0
5031,11,223,0
5032,11,224,0
5033,11,225,0
5034,11,226,0
5035,11,227,0
5036,11,228,0
5037,11,229,0
5038,11,230,0
5039,11,231,0
5040,11,232,0
5041,11,233,0
5042,11,234,0
5043,11,235,0
5044,11,236,0
5045,11,237,0
5046,11,238,0
5047,11,239,0
5048,11,240,0
5049,11,241,0
5050,11,242,0
5051,11,243,0
5052,11,244,0
5053,11,245,0
5054,11,246,0
5055,11,247,0
5056,11,248,0
5057,11,249,0
5058,11,250,0
5059,11,251,0
5060,11,252,0
5061,11,253,0
5062,11,254,0
5063,11,255,0
5064,11,256,0
5065,11,257,0
5066,11,258,0
5067,11,259,0
5068,11,260,0
5069,11,261,0
5070,11,262,0
5071,11,263,0
5072,11,264,0
5073,11,265,0
5074,11,266,0
5075,11,267,0
5076,11,268,0
5077,11,269,0
5078,11,270,0
5079,11,271,0
5080,11,272,0
5081,11,273,0
5082,11,274,0
5083,11,275,0
5084,11,276,0
5085,11,277,0
5086,11,278,0
5087,11,279,0
5088,11,280,0
5089,11,281,0
5090,11,282,0
5091,11,283,0
5092,11,284,0
5093,11,285,0
5094,11,286,0
5095,11,287,0
5096,11,288,0
5097,11,289,0
5098,11,290,0
5099,11,291,0
5100,11,292,0
5101,11,293,0
5102,11,294,0
5103,11,295,0
5104,11,296,0
5105,11,297,0
5106,11,298,0
5107,11,299,0
5108,11,300,0
5109,11,301,0
5110,11,302,0
5111,11,303,0
5112,11,304,0
5113,11,305,0
5114,11,306,0
5115,11,307,0
5116,11,308,0
5117,11,309,0
5118,11,310,0
5119,11,311,0
5120,11,312,0
5121,11,313,0
5122,11,314,0
5123,11,315,0
5124,11,316,0
5125,11,317,0
5126,11,318,0
5127,11,319,0
5128,11,320,0
5129,11,321,0
5130,11,322,0
5131,11,323,0
5132,11,324,0
5133,11,325,0
5134,11,326,0
5135,11,327,0
5136,11,328,0
5137,11,329,0
5138,11,330,0
5139,11,331,0
5140,11,332,0
5141,11,333,0
5142,11,334,0
5143,11,335,0
5144,11,336,0
5145,11,337,0
5146,11,338,0
5147,11,339,0
5148,11,340,0
5149,11,341,0
5150,11,342,0
5151,11,343,0
5152,11,344,0
5153,11,345,0
5154,11,346,0
5155,11,347,0
5156,11,348,0
5157,11,349,0
5158,11,350,0
5159,11,351,0
5160,11,352,0
5161,11,353,0
5162,11,354,0
5163,11,355,0
5164,11,356,0
5165,11,357,0
5166,11,358,0
5167,11,359,0
5168,11,360,0
5169,11,361,0
5170,11,362,0
5171,11,363,0
5172,11,364,0
5173,11,365,0
5174,11,366,0
5175,11,367,0
5176,11,368,0
5177,11,369,0
5178,11,370,0
5179,11,371,0
5180,11,372,0
5181,11,373,0
5182,11,374,0
5183,11,375,0
5184,11,376,0
5185,11,377,0
5186,11,378,0
5187,11,379,0
5188,11,380,0
5189,11,381,0
5190,11,382,0
5191,11,383,0
5192,11,384,0
5193,11,385,0
5194,11,386,0
5195,11,387,0
5196,11,388,0
5197,11,389,0
5198,11,390,0
5199,11,391,0
5200,11,392,0
5201,11,393,0
5202,11,394,0
5203,11,395,0
5204,11,396,0
5205,11,397,0
5206,11,398,0
5207,11,399,0
5208,11,400,0
5209,11,401,0
5210,11,402,0
5211,11,403,0
5212,11,404,0
5213,11,405,0
5214,11,406,0
5215,11,407,0
5216,11,408,0
5217,11,409,0
5218,11,410,0
5219,11,411,0
5220,11,412,0
5221,11,413,0
5222,11,414,0
5223,11,415,0
5224,11,416,0
5225,11,417,0
5226,11,418,0
5227,11,419,0
5228,11,420,0
5229,11,421,0
5230,11,422,0
5231,11,423,0
5232,11,424,0
5233,11,425,0
5234,11,426,0
5235,11,427,0
5236,11,428,0
5237,11,429,0
5238,11,430,0
5239,11,431,0
5240,11,432,0
5241,11,433,0
5242,11,434,0
5243,11,435,0
5244,11,436,0
5245,11,437,0
5246,11,438,0
5247,11,439,0
5248,11,440,0
5249,11,441,0
5250,11,442,0
5251,11,443,0
5252,11,444,0
5253,11,445,0
5254,11,446,0
5255,11,447,0
5256,11,448,0
5257,11,449,0
5258,11,450,0
5259,11,451,0
5260,11,452,0
5261,11,453,0
5262,11,454,0
5263,11,455,0
5264,11,456,0
5265,11,457,0
5266,11,458,0
5267,11,459,0
5268,11,460,0
5269,11,461,0
5270,11,462,0
5271,11,463,0
5272,11,464,0
5273,11,465,0
5274,11,466,0
5275,11,467,0
5276,11,468,0
5277,11,469,0
5278,11,470,0
5279,11,471,0
5280,11,472,0
5281,11,473,0
5282,11,474,0
5283,11,475,0
5284,11,476,0
5285,11,477,0
5286,11,478,0
5287,11,479,0
5288,11,480,0
5289,11,481,0
5290,11,482,0
5291,11,483,0
5292,11,484,0
5293,11,485,0
5294,11,486,0
5295,11,487,0
5296,11,488,0
5297,11,489,0
5298,11,490,0
5299,11,491,0
5300,11,492,0
5301,11,493,0
5302,11,494,0
5303,11,495,0
5304,11,496,0
5305,11,497,0
5306,11,498,0
5307,11,499,0
5308,11,500,0
5309,11,501,0
5310,11,502,0
5311,11,503,0
5312,11,504,0
5313,11,505,0
5314,11,506,0
5315,11,507,0
5316,11,508,0
5317,11,509,0
5318,11,510,0
5319,11,511,0
5320,11,512,0
5321,11,513,0
5322,11,514,0
5323,11,515,0
5324,11,516,0
5325,11,517,0
5326,11,518,0
5327,11,519,0
5328,11,520,0
5329,11,521,0
5330,11,522,0
5331,11,523,0
5332,11,524,0
5333,11,525,0
5334,11,526,0
5335,11,527,0
5336,11,528,0
5337,11,529,0
5338,11,530,0
5339,11,531,0
5340,11,532,0
5341,11,533,0
5342,11,534,0
5343,11,535,0
5344,11,536,0
5345,11,537,0
5346,11,538,0
5347,11,539,0
5348,11,540,0
5349,11,541,0
5350,11,542,0
5351,11,543,0
5352,11,544,0
5353,11,545,0
5354,11,546,0
5355,11,547,0
5356,11,548,0
5357,11,549,0
5358,11,550,0
5359,11,551,0
5360,11,552,0
5361,11,553,0
5362,11,554,0
5363,11,555,0
5364,11,556,0
5365,11,557,0
5366,11,558,0
5367,11,559,0
5368,11,560,0
5369,11,561,0
5370,11,562,0
5371,11,563,0
5372,11,564,0
5373,11,565,0
5374,11,566,0
5375,11,567,0
5376,11,568,0
5377,11,569,0
5378,11,570,0
5379,11,571,0
5380,11,572,0
5381,11,573,0
5382,11,574,0
5383,11,575,0
5384,11,576,0
5385,11,577,0
5386,11,578,0
5387,11,579,0
5388,11,580,0
5389,11,581,0
5390,11,582,0
5391,11,583,0
5392,11,584,0
5393,11,585,0
5394,11,586,0
5395,11,587,0
5396,11,588,0
5397,11,589,0
5398,11,590,0
5399,11,591,0
5400,11,592,0
5401,11,593,0
5402,11,594,0
5403,11,595,0
5404,11,596,0
5405,11,597,0
5406,11,598,0
5407,11,599,0
5408,11,600,0
